Text;Labeling
Bekerja dari rumah atau work from home (WFH) akan kembali dilakukan di wilayah Bodebek dan Bandung Raya mulai 11 Januari 2021. #Jabar #WFH https://t.co/0Fq1sUC9fc;Positive
"Gubernur Jawa Barat Ridwan Kamil menetapkan status siaga 1 COVID-19 bagi Kabupaten Karawang dan Kota Depok. Di Kabupaten Karawang, ruang isolasi mencapai tingkat keterisian 110 persen.

https://t.co/fEKXDkB940";Positive
Pemulung Viral Bawa Bayi Diangkat Karyawan oleh Ridwan Kamil, Netizen: Tuhan Angkat Derajatnya;Positive
RT @infobdg: Ridwan Kamil: 11 Januari Bandung dan Bodebek Kembali Terapkan WFH https://t.co/WPCgNThKNQ #infoBDG https://t.co/UgU1DnlppN;Positive
Ridwan Kamil: Mulai 11 Januari, Bandung Raya dan Bodebek akan Perketat PSBB via @jabarekspres https://t.co/0DxtNly3aP;Positive
Ngomong ngomong soal bu risma saya mau bilang kalo bu risma , pak ridwan kamil dan pak ganjar . Yang KATANYA bisa narik hati masyarakat . Latar belakang partai mereka adalah partai sih mak banteng . trims .. ??;Positive
RT @KompasTV: Gubernur Jawa Barat, @ridwankamil meminta warga Jabar yang sudah terdaftar sebagai penerima vaksin tidak menolak. Ridwan Kami…;Positive
"Gubernur Jawa Barat, @ridwankamil meminta warga Jabar yang sudah terdaftar sebagai penerima vaksin tidak menolak. Ridwan Kamil menyebut pemberian vaksin bersifat wajib bukan pilihan. Karena vaksin dapat menyelamatkan masyarakat dari pandemi covid.

https://t.co/SmiU9SgGe6 https://t.co/q959BsnK99";Positive
"Makanya jgn jadi seleb(+platform). Popularitas ga bisa dipindahin. Gw udh mencoba sih, sulit.

Buktinya pd ga tau Emil siapa, Ridwan Kamil mah tau.

Kuasai platform tradisional (TV, radio, website) baru bisa stonks https://t.co/roFMkMG5ct";Positive
BANDUNG - Gubernur Jawa Barat (Jabar) Ridwan Kamil menilai, masyarakat yang mengikuti vaksinasi Covid-19 sudah melakukan bela negara dan berkontribusi besar menanggulangi https://t.co/Q2zOntzNje;Positive
Ridwan Kamil: Masyarakat Tidak Boleh Menolak Untuk Divaksin https://t.co/VYVT9IxC1x;Positive
"Ridwan Kamil: Distribusi Vaksin Covid-19 di Jabar Dilakukan secara Proporsional
??
https://t.co/PQ000YP6sR

#jabarnews #beritalokal #beritahiperlokal #beritajabar #beritajawabarat #jawabarat #jabar #ridwankamil #distribusivaksin19 #dijabar #dikalukanproposional

@ridwankamil https://t.co/lhuQGRz8sL";Positive
"RT @chloetowntale: 2. Undangan di atas disampaikan lewat Front TV.

Gimana dgn yg bilang,
'Silakan jenput HRS' yg disiarkan di media2 mains…";Positive
RT @detikcom: Bekerja dari rumah atau work from home (WFH) akan kembali dilakukan di wilayah Bodebek dan Bandung Raya mulai 11 Januari 2021…;Positive
#RismaRatuDrama... Blusukanya d Bogor Jawa Barat Bu.. biar Ridwan Kamil gerah...;Positive
Gubernur Ridwan Kamil sebut vaksinasi COVID-19 sebagai bentuk bela negara - ANTARA News Jawa Barat https://t.co/vP5d5AIbvp;Positive
Kalau menolak vaksin akan membahayakan kesehatan, keselamatan masyarakat dan keluarga https://t.co/eqB11aWnPK;Positive
"KOTA BANDUNG- Gubernur Jawa Barat, Mochamad Ridwan Kamil melakukan peninjauan gudang tempat penyimpanan vaksin Covid-19 buatan Sin ... https://t.co/a3wcTUP17B  
#Covid_19 #coronavirus #vaksincorona";Positive
"@ridwankamil Berlakukan WFH 75 Persen di Bodebek dan Bandung Raya #Daerah #BukanBeritaBiasa 

https://t.co/QOOn6C3y7n";Positive
"Sesuai Arahan Presiden, Gubernur Jabar Ridwan Kamil Minta Bandung Raya dan Bodebek Berlakukan WFH
#Jabar #WFH #ZonaMerah

Selengkapnya: https://t.co/FWrwd3wzFd via @YouTube";Positive
Ridwan Kamil Tunjuk Uu Ruzhanul Ulum Orang Pertama Vaksinasi Covid-19 di Pemda Provinsi Jabar   https://t.co/zo2WJDO7TP;Positive
Ridwan Kamil Tunjuk Uu Ruzhanul Ulum Orang Pertama Vaksinasi Covid-19 di Pemda Provinsi Jabar   https://t.co/gT5C8izvcR;Positive
Ridwan Kamil Tunjuk Uu Ruzhanul Ulum Orang Pertama Vaksinasi Covid-19 di Pemda Provinsi Jabar   https://t.co/mol0YZRkIB;Positive
@bdngfess maskerna meunang desain ridwan kamil, sarua jiga urang. meunang tina bansos;Positive
"@HamidRaizan @mas_dikin786 @septian @jokowi Coba browsing lagi bos.... Tgl 8 udah diserahkan... @BPOM_RI udah bisa analisa,  bisa jadi malah lebih cepat.... 
Ridwan kamil itu volunter uji klinis.. Kalo tidak salah Sample darahnya udah diambil tgl 12 des kok... Udah dianalisa bos";Positive
"""Kalau menolak akan membahayakan kesehatan, keselamatan masyarakat dan keluarga,” kata Emil.
#BeritaTerkini #beritajabar #beritajawabarat #vaksincorona
https://t.co/qLElgHdjG9";Positive
RT @KompasTV: Ridwan Kamil: Sebagai Warga Negara Harus Wajib Divaksin https://t.co/ssdRi7gfCs https://t.co/DCZM89UA9T;Positive
Ridwan Kamil: Sebagai Warga Negara Harus Wajib Divaksin https://t.co/ssdRi7gfCs https://t.co/DCZM89UA9T;Positive
"Ridwan Kamil Nilai Vaksinasi COVID-19 sebagai Bentuk Bela Negara

@ridwankamil @uu_ruzhanul @SWangsaatmaja @ata_lia 
 
#JawaBarat #JabarTanggapCovid19 #SilihTulungan 

https://t.co/KNODJtt6kE";Positive
"Sebetulnya Kpl daerah yg Pertama trima suntik vaksin adalan kang @ridwankamil, jd ga perlu ragu ... 

Jalani Suntik Kedua Calon Vaksin Covid-19, Ridwan Kamil: Mudah-mudahan Tidak Ngantuk
https://t.co/X5uqOHWIkP";Positive
"Terus ada steak yang kita bisa liat chefnya masak langsung, harganya ya pas untuk steak yg enak. Serunya di Toko You, sering ada pak Ridwan Kamil  tapi sebelum pandemi sih hehehe.
Paling uniknya, di setiap meja ada tulisan kaya di bawah ini. https://t.co/W04uUlqMya";Positive
RT @mapaybandungcom: Ridwan Kamil menyebutkan, ada dua kalangan yang bakal jadi pihak pertama disuntik vaksin Covid-19 https://t.co/aPNM1NX…;Positive
Ridwan Kamil Instruksikan Kepala Daerah di Jabar jadi Orang Pertama Disuntik Vaksin Covid-19 https://t.co/ZiYjHK3MAi https://t.co/u7wxs5m5kS;Positive
Ridwan Kamil: 11 Januari Bandung dan Bodebek Kembali Terapkan WFH https://t.co/WPCgNThKNQ #infoBDG https://t.co/UgU1DnlppN;Positive
"RT @clara_asma: ""Puncak dari ketinggian adab adalah saat engkau diam dan mendengarkan seseorang yang berbicara kepadamu tentang sesuatu yan…";Positive
RT @liputan6dotcom: Ridwan Kamil : Warga Jawa Barat Wajib Divaksinasi COVID-19 Sinovac Impor https://t.co/V6D3nmvRpZ;Positive
"KOTA BANDUNG - Gubernur Jawa Barat (Jabar) Ridwan Kamil mengikuti acara ""Penyerahan Sertifikat Tanah untuk Rakyat se-Indonesi ... https://t.co/9UYwZOPkTQ #SertifikatTanah #PemdaJabar #RidwanKamil";Positive
RT @ClickBandung: Ridwan Kamil: Bandung Raya dan Bodebek Kembali WFH Mulai 11 Januari 2021 https://t.co/y9ryoCAWxr https://t.co/Rs9Zm5pvHr;Positive
Ridwan Kamil: Bandung Raya dan Bodebek Kembali WFH Mulai 11 Januari 2021 https://t.co/y9ryoCAWxr https://t.co/Rs9Zm5pvHr;Positive
Ridwan Kamil : Warga Jawa Barat Wajib Divaksinasi COVID-19 Sinovac Impor https://t.co/V6D3nmvRpZ;Positive
Ridwan Kamil Fokus WFH 11-25 Januari, Bandung Raya dan Bodebek https://t.co/8D1AO4D4aK;Positive
Jabar mendapat alokasi 97.080 dosis yang terbagi dalam dua tahap distribusi.  https://t.co/z34OcHJSEH;Positive
Ridwan Kamil Sebut Vaksinasi Covid-19 Sebagai Bentuk Bela Negara https://t.co/syEdkfzGLN;Positive
@Bagas_eaw @Lubis76777916 @RachlanNashidik Sdh loe gak usah pake vaksin nya. Untung, jd bisa buat org lain. Gitu aja repot. Loe lihat 1700 relawan di bandung, termasuk ridwan kamil, pada mati gak mereka tuh. Beruntung negara gak ngeluarkan biaya vaksin buat elo yg rewel bin cerewet;Positive
RT @luviku: Klo sinovac saja masih mau trial, lha dulu pak ridwan kamil disuntik apa yg bilang nya jd enak makan?;Positive
https://t.co/aA45GYDQNK;Positive
https://t.co/QanzJEyL7k;Positive
RT @CNNIndonesia: Ridwan Kamil: Tak Boleh Menolak Jika Ditunjuk untuk Divaksin https://t.co/E6bLzT2s7i;Positive
RT @CNNIndonesia: Kejar Herd Immunity, Ridwan Kamil Incar 67 Juta Dosis Vaksin https://t.co/njTOvHFomq;Positive
Kejar Herd Immunity, Ridwan Kamil Incar 67 Juta Dosis Vaksin https://t.co/njTOvHFomq;Positive
Ridwan Kamil Harap Tak Ada Nakes Menolak Vaksinasi Covid-19 https://t.co/YifUUocBu5 https://t.co/LVR1TI8bV5;Positive
Ridwan Kamil Harap Tak Ada Nakes Menolak Vaksinasi Covid-19 https://t.co/hVxMn1BnnT https://t.co/ojsR7gA7vh;Positive
RT @okezonenews: Ridwan Kamil Terapkan WFH untuk Pekerja di Bodebek dan bandung Raya Mulai 11 Januari #LengkapCepatBeritanya #BeritaTerkini…;Positive
Pilpres 2024 sudah terlihat, bakal seperti pilkada jabar,  terdapat 3 calon. Ganjar-risma, anies-...., ridwan kamil-....;Positive
"@BabangEl11 @ridwankamil Itu jelas menjawab pertanyaan wartawan Normative bukan rencana
Dan jawaban diplomatis
“Kepada siapapun kita wajib bersilaturahmi, ada rencana atau tidak ada rencana,belum saya putuskan,” ujar Ridwan Kamil,ketika ditemui di Lembang,  seperti dikutip PR kalian ini mau aja dihasut";Positive
"@MamakBaik777 @Dennysiregar7 @unpad @ridwankamil noh udh di sikat. .
kalem gw warga ridwan kamil.hari ini disikat https://t.co/QZaDPeR9f2";Positive
'Subling' Pertama di Tahun 2021, Ridwan Kamil Merasa Rindu Silaturahmi dengan Masyarakat https://t.co/beWgXdnMus;Positive
om hao kalo diliat2 kayak ridwan kamil;Positive
"[ON THIS DAY]

Hari ini, tahun 2014, Taman Pasupati di Kota Bandung resmi dibuka utk umum. Taman ini diresmikan Wali Kota Ridwan Kamil dan sekaligus memberinya sebutan lain dan kemudian terkenal: ""Taman Jomblo"".

@ridwankamil

#SejarahTaman";Positive
"Mengawal Pelaksanaan Program Pembangunan Rutilahu Bantuan pk Ridwan Kamil, Gubernur Jawa Barat.
Semoga bermanfaat.

#pplhiupdate_2016 #pplhiupdate_2020 #Jabarjuara #RKjabarjuara #KinerjaRidwankamil #FordamJabarJuara
@jokowi @dpr_ri @ridwankamil @disperkimjabar @humas_jabar https://t.co/ExQWYAHZlK";Positive
"guys!!Kata Pak Menkes, tenaga kesehatan akan disuntik vaksin Covid akhir Januari yuk di cek pembahasannya https://t.co/5X4XDcKVlY
https://t.co/sOMKCGN0hJ…
#sayati #bandung  #jokowi #indonesia #IndonesiaRaya #cucitangan #pakaimasker #dirumahaja #Rancaekek  #Baleendah #cimahi";Positive
"Foto di balik jendela bus, Ridwan Kamil terharu tahun baru kali ini sepi :( cek selengkapnya guys https://t.co/gfDt9hjg9m
#sayati #bandung  #jokowi #indonesia #IndonesiaRaya #cucitangan #pakaimasker #dirumahaja #Rancaekek #Cileunyi #Baleendah #soreang  #cimahi #cilengkrang";Positive
@squidwardfess mirip istrinya ridwan kamil;Positive
RT @tempodotco: Hadiahi Atalia Sepeda Motor Desain Sendiri, Ridwan Kamil Berpesan ke Ibu-ibu https://t.co/ycc7EEt0f7 #TempoSeleb;Positive
Vaksinasi Segera Dilakukan, Ridwan Kamil Minta Masyarakat Tetap Jalankan 3M - https://t.co/Ri8vnhXLDh;Positive
Ridwan Kamil Sebut Alun-alun Garut, Jalan Lingkar Cipanas, hingga Tol Cigatas Mau Dibangun Tahun Ini https://t.co/NNQ1HPyKfH;Positive
"@uda_ilh4m @alpha_n @DukeCondet Uji klinis 1 dan 2 di Bandung yg heboh2 ridwan kamil dulu.
Isunya ada yg meninggal tp sulit dicari tahu kbenarannya.
Uji klinis 3 di Turki sdh selesai efektifitas 90%an.
Media dunia yg dikuasai elit Global hnya fokus pd efektifitas sdgkan resikonya yah kudu di suntik dulu??";Positive
Jadi Penerus Orang Nomor 1 di Jabar, Inilah Putra Angkat Ridwan Kamil, Wajahnya Mirip Siapa? https://t.co/sOnK1pWXG3;Positive
"Buka IG dan liat Ridwan Kamil di cek suhu badan lewat tangan...

I thought you're different, Pak :(

Ternyata semwa pejabat sama sajah :(";Positive
"RT @TeddyGusnaidi: Heran Ridwan Kamil Minta Rakyat Taati SKB Pembubaran FPI, Teddy Gusnaidi: Anda Arahnya ke Mana Sih?
@ridwankamil
https:/…";Positive
RT @CNNIndonesia: Ridwan Kamil Minta Garut Mulai Simulasi Suntik Vaksin Covid https://t.co/hTMabuFgLU;Positive
RT @idtodayco: Kalahkan Ridwan Kamil juga Ganjar Pranowo, Anies Baswedan Jadi Gubernur Termasyhur dan Tervokal 2020 https://t.co/2CcaDvA1P7;Positive
Ridwan Kamil Minta Garut Mulai Simulasi Suntik Vaksin Covid https://t.co/hTMabuFgLU;Positive
RT @mohmahfudmd: Siap, Kang RK. Sy bertanggungjawab. Sy yg umumkan HRS diizinkan pulang ke Indonesia krn dia punya hak hukum utk pulang. Sy…;Positive
"RT @MynaEve: Gubernur Jawa Barat, 
Ridwan Kamil, menyatakan bahwasannya UU cipta kerja menguatkan masyarakat menghadapi pandemi, sebagai su…";Positive
@sundastruggles Rek dirobah ku ridwan kamil jadi tukang nganteur bansos cenah mah;Positive
RT @jitoe02: Gubernur Jawa Barat Ridwan Kamil meminta masyarakat mentaati surat keputusan bersama enam pejabat tinggi negara terkait dengan…;Positive
"RT @Mdy_Asmara1701: Mantul my Goodbener ??
Fakta yg harus diterima!! ??

Kalahkan Ridwan Kamil juga Ganjar Pranowo, Anies Baswedan Jadi Guber…";Positive
@Yatinadani1 Ganjar- Sandi Vs Anies-Ridwan Kamil;Positive
"Dekati anaknya dekati juga orangtuanya. Lelakimah ga perlu ganteng yang penting berkarakter. Ridwan Kamil.

Gimana mau deketin orang tuanya, deketin anaknya juga susah. Hiya hiya hiya...";Positive
RT @merdekadotcom: Ridwan Kamil Putuskan PSBB di Bogor, Depok dan Bekasi Diperpanjang Hingga 20 Januari: Ridwan Kamil meminta Bupati Bogor,…;Positive
RT @jabarprovgoid: Ridwan Kamil Sampaikan Berita Baik untuk Warga Garut  https://t.co/glWk1qipDn https://t.co/gEW1ddCT6E;Positive
Ridwan Kamil & Istri Datangi Pemulung Viral Susui Bayi, Beri Hadiah Ini https://t.co/9mublGxWfG;Positive
Heran banget bukan cuma mbak mas waiter di tempat makan doang tp nyampe sekelas gubernur kaya ridwan kamil ngecek suhu di tangan/! Wtf??;Positive
Baru-baru ini, viral momen haru pemulung beri bayinya susu di trotoar. Gubernur Jawa Barat Ridwan Kamil beserta istri, Atalia Praratya, lalu memberi kejutan. https://t.co/QqZuXTraRP;Positive
RT @infoJATIASIH: Ridwan Kamil Putuskan PSBB di Bogor, Depok, Bekasi dan Jatiasih Diperpanjang Hingga 20 Januari  https://t.co/GuDbOlfIoR;Positive
Ridwan Kamil Sampaikan Berita Baik untuk Warga Garut https://t.co/SI6OT59M9E;Positive
Ridwan Kamil Sampaikan Berita Baik untuk Warga Garut https://t.co/doOYw2tvnf;Positive
"RT infoJATIASIH ""Ridwan Kamil Putuskan PSBB di Bogor, Depok, Bekasi dan Jatiasih Diperpanjang Hingga 20 Januari  https://t.co/3V2zx82ELW""";Positive
Ridwan Kamil Sampaikan Berita Baik untuk Warga Garut  https://t.co/glWk1qipDn https://t.co/gEW1ddCT6E;Positive
Ridwan Kamil Putuskan PSBB di Bogor, Depok, Bekasi dan Jatiasih Diperpanjang Hingga 20 Januari  https://t.co/GuDbOlfIoR;Positive
RT @DPP_PKB: Ketua @FraksiPKB @DPR_RI @CucunA44 Ahmad Syamsurijal meminta Gubernur Jawa Barat @ridwankamil tidak membuat kegaduhan dengan s…;Positive
@hennyokta Tadi ridwan kamil juga posting dia lg dimana gitu, lagi cek suhu foto nya, cek nya di tangan??;Positive
Emang paling bener cuma ridwan kamil https://t.co/zOCxmSW31N;Positive
@BersamaSahabat4 Saya Dulu bangga dengan Kang Emil atau Ridwan kamil malah pernah masuk poling juga masuk Capres lah sekarang setelah lihat Ridwan kamil, mancala mencele seperti itu malah rasa bangga menjadi rasa malau bagi sy orang jawabarat.;Positive
@colourdriver @cwattome @huksnim TOLOL BGT GA SIH DIA GW CAPE PAY ORG JELAS JELAS GUBERNUR NYA AJA BEDA ANIES SAMA RIDWAN KAMIL??????????;Positive
@cwattome @huksnim jakarta ya jakarta tolol dki jakarta kenapa jadi jabar, gubernur nya aja beda kan jabar ridwan kamil jakarta anies ih knp jadi jabar sih aneh lu;Positive
@desaNa70 Hehee..he gak bakal lah, aplg mendukung keputusan pusat sama an tuhh sama ridwan kamil ..;Positive
Ditambah lagi sama Ridwan Kamil & Airlangga Hartarto.;Positive
Bukan cuma ridwan hanif yg sering di call dikirain ridwan kamil.. Hahaa..;Positive
@naeunbndg hah anak ridwan kamil?;Positive
Gubernur Jawa Barat (Jabar) Ridwan Kamil mengatakan proyek Tol Cigatas (Cileunyi-Garut-Tasik) saat ini sedang dalam proses pembebasan lahan. Untuk pembangunan tahap satunya, ia mengaku sudah meminta kepada Kementerian PUPR agar mendahulukan akses ke Garu… https://t.co/gnOUmG1Vdb;Positive
Ridwan Kamil cek suhu tubuhnya di tangan. Yaudah lah, ya. :))))) https://t.co/igVb5q3odV;Positive
Ridwan Kamil Akan Berikan Raport Kepada Pemkab  dan Masyarakat Taat Prokes https://t.co/GR7klacHRJ;Positive
Ridwan Kamil Subuh Keliling Pertama Tahun 2021, di Masjid Agung Garut https://t.co/82lSYVcm55;Positive
@fakkhrizal @fuckincapcipcup ridwan kamil emg kerja keras dibidang pariwisata bang;Positive
"Ridwan Kamil Akan Berikan Raport Kepada Pemkab  dan Masyarakat Taat Prokes 
https://t.co/ECpk07pwwI";Positive
"https://t.co/8ZXzdwq07g 
Jakarta belum ya beritanya";Positive
"ga ridwan kamil,
ga menkes,
cek suhunya di punggung tangan..
jangan2 pada percaya cek suhu di jidat bikin otak rusak? kenapa takut, emang pada punya?";Positive
"RT @detikcom: Peringati hari pernikahan ke-24, Ridwan Kamil berikan hadiah motor custom bergaya klasik untuk istrinya.

via @detikoto https…";Positive
"Line up nya 2024,menurut sayaaa:
Prabowo
Ganjar pranowo
Ridwan kamil
Anis baswedan
Sandiaga uno
Jusuf kala

Tinggal baca sepak terjangnya, mana yg bisa kerja dan mana yang bisa ngomong doank. Merdeka";Positive
"Bener kata Ridwan Kamil, Singapore aja banjir, yg salah pasti Anies Baswedan
https://t.co/H2B28c7M8u";Positive
Proyek Jalan Tol Cigatas, Ridwan Kamil: Sedang di dalam Pembebasan Lahan https://t.co/VaOulMdwxp #berita #terbaru #video;Positive
"Ridwan Kamil Mendukung Pembubaran FPI ! Basmi Kovid & Neo FPI ! #KupasTuntasOrmasRadikal
https://t.co/ikSNySJY3P";Positive
Andai Ganjar Dipinang Parpol Lain & Gandeng Ridwan Kamil di Pilpres: Akan Sangat Dahsyat - Warta Ekonomi https://t.co/o4lSC8FpX9 https://t.co/xBsZ64bPtp;Positive
Ridwan Kamil dan Wakilnya Resmi Gunakan Mobil Listrik untuk Kendaraan Dinas https://t.co/lBTUwmflDY;Positive
@TeddyGusnaidi @ridwankamil Mungkin ridwan kamil mulai sadar ??????;Positive
"Gubernur Jabar Ridwan Kamil merayakan ulang tahun pernikahannya ke-24 dengan menghadiahkan sang istri Atalia  motor kustom.

#RidwanKamil #Otomotif 

https://t.co/zw4orosewZ";Positive
@faturohmi Anis-Ridwan Kamil mang...;Positive
"Provinsi Jawa Barat Akan Nilai Prokes Covid-19, Ridwan Kamil : Warga Garut Baru 50% Sadar Pakai Masker
 https://t.co/HDxsZAPpqc";Positive
"Subuh Keliling di Garut, Ridwan Kamil Minta Pemda Gelar Simulasi Vaksinasi: ""Vaksinasi akan dimulai pertama kepada para tenaga kesehatan, kedua profesi non tenaga kesehatan https://t.co/P76CqnkkIE";Positive
"Basmi Kovid & Neo FPI
#KupasTuntasOrmasRadikal
FPI Dibubarkan, Ridwan Kamil Turut Bersuara
https://t.co/beOyAbu67b";Positive
Andai Ganjar Dipinang Parpol Lain & Gandeng Ridwan Kamil di Pilpres: Akan Sangat Dahsyat https://t.co/FHQ8FL9KAn;Positive
"RT @SusanYuli3: FPI Dibubarkan, Ridwan Kamil Turut Bersuara: Indonesia Butuh Kedamaian, Butuh Ketaatan

Dengan dibubarkannya FPI, Indonesia…";Positive
"RT @merdekadotcom: Subuh Keliling di Garut, Ridwan Kamil Minta Pemda Gelar Simulasi Vaksinasi: ""Vaksinasi akan dimulai pertama kepada para…";Positive
Kawasaki W175 Hadiah Ultah Pernikahan, Atalia Praratya Ridwan Kamil Tak Perlu Pinjam Motor Lagi https://t.co/ekc3CNr7zd;Positive
Petinggi PKPI Tampar Ridwan Kamil Soal FPI, Teddy Gusnaidi: Anda Arahnya Kemana Sih? https://t.co/0rJXUtXCKP https://t.co/9vKiyN3mne;Positive
Ulang Tahun Pernikahan, Ridwan Kamil Beri Motor Custom Untuk Sang Istri https://t.co/XbCnND5ZA1;Positive
Gubernur Jawa Barat Ridwan Kamil memberikan hadiah yang romantis untuk istrinya, Atalia Praratya, saat hari ulang tahun ke-24 pernikahannya. #RidwanKamil https://t.co/ZpQVJvnBoI;Positive
Duduk Lesehan Tanpa Tikar, Ridwan Kamil Tak Segan Makan Bersama Pemulung Viral dan Beri Hadiah Ini https://t.co/8sYhx0A4b0;Positive
"FPI Dibubarkan, Ridwan Kamil Turut Bersuara: Indonesia Butuh Kedamaian, Butuh Ketaatan

Dengan dibubarkannya FPI, Indonesia jadi damai.

Basmi Kovid & Neo FPI
#KupasTuntasOrmasRadikal
https://t.co/EKOIxcwPWr";Positive
"Subuh Keliling di Garut, Ridwan Kamil Minta Pemda Gelar Simulasi Vaksinasi: ""Vaksinasi akan dimulai pertama kepada para tenaga kesehatan, kedua profesi non tenaga kesehatan, tapi yang bersinggungan dengan Covid-19, yaitu TNI, Polri, petugas pelayanan… https://t.co/5K2HnDj6Wk";Positive
"Untuk memperkuat keputusan pemerintah, Menteri Mahfud MD menyatakan telah disusun kesepakatan 6 pejabat tinggi setara menteri yakni Mendagri, Menkumham, Menkominfo, Jaksa Agung, Kapolri dan Kepala BNPT.
Basmi Kovid & Neo FPI
#KupasTuntasOrmasRadikal
https://t.co/Mw8Aw6DJEA https://t.co/6drbhwNrue";Positive
"Kepada aparat pemerintah pusat & daerah jika ada sebuah organisasi mengatasnamakan FPI itu dianggap tidak ada. Dan harus ditolak karena tidak ada
Basmi Kovid & Neo FPI
#KupasTuntasOrmasRadikal
https://t.co/0NzQtXP1H9 https://t.co/5pBRbeNLy5";Positive
"Menko Polhukam menghimbau kepada seluruh aparatur pemerintah supaya dapat memberikan penolakan terhadap keberadaan organisasi tersebut.
Basmi Kovid & Neo FPI
#KupasTuntasOrmasRadikal
https://t.co/yXieZuPMeK https://t.co/w1vaaPJbHl";Positive
"Menurut Mahfud MD, berdasar peraturan UU & sesuai dengan Putusan MK Nomor 82 PUU 11/2013 tanggal 23 Desember 2014 Pemerintah melarang aktivitas FPI & akan menghentikan setiap kegiatan yg dilakukan oleh FPI.
Basmi Kovid & Neo FPI
#KupasTuntasOrmasRadikal
https://t.co/gKiuEOwdkq https://t.co/YnsKkh7MGm";Positive
"RT @optimusbot3: https://t.co/3b1flKvLs1

Basmi Kovid & Neo FPI
#KupasTuntasOrmasRadikal";Positive
"Gubernur Jawa Barat Ridwan Kamil meminta para pengurus maupun yang berafiliasi dengan FPI bisa menaati aturan yang berlaku.
https://t.co/rEVzTpIbgi
Basmi Kovid & Neo FPI
#KupasTuntasOrmasRadikal https://t.co/PxBCstlaoD";Positive
"Indonesia butuh kedamaian, butuh ketaatan mari kita fokus penyelesaian pandemi Covid-19, kita kurangi kegiatan yg dapat mengganggu konsentrasi kita
Basmi Kovid & Neo FPI
#KupasTuntasOrmasRadikal
https://t.co/efRGwWj4bQ https://t.co/RFb4svPYXX";Positive
"RT @geetracker: Aktivitas FPI Dilarang, Ridwan Kamil: Indonesia Butuh Kedamaian

Tapi kemaren pake dikawal2 fpi?!
 https://t.co/gpU8pNyCzG";Positive
"Kemarin (2/1) Bapak Gubernur Jawa Barat Ridwan Kamil hampir ditabrak oleh pengendara motor yang memotong dari jalur kiri ke kanan ???????

Lokasinya di perempatan simpang dago https://t.co/ubRv07mqVv";Positive
"Hidup ini di Indonesia harus ikuti tata aturan hukum, kalau hukum sudah menyatakan kita ini melanggar misalnya, tentu ada sanksi, dan sanksi macem-macem, 
https://t.co/qMpbNJhT3A
Basmi Kovid & Neo FPI
#KupasTuntasOrmasRadikal https://t.co/5HvKw948NW";Positive
"FPI Dibubarkan, Ridwan Kamil Turut Bersuara: Indonesia Butuh Kedamaian
Basmi Kovid & Neo FPI #KupasTuntasOrmasRadikal
https://t.co/lqmg3BoCAJ";Positive
RT @100kpjcom: Ridwan Kamil Beri Hadiah Motor Custom Khusus Pandemi untuk Istri https://t.co/OFccXa9mu0;Positive
Ridwan Kamil Olahraga Cang-ucang Angge, Bahasa Ade Rai Leg Day https://t.co/DnOilxyDLr #TempoGaya;Positive
Ridwan Kamil Beri Hadiah Motor Custom Khusus Pandemi untuk Istri https://t.co/OFccXa9mu0;Positive
"Pemerintah resmi melarang berbagai kegiatan yang dilakukan oleh Organisasi Masyarakat (Ormas) Front Pembela Islam (FPI).
https://t.co/N2GaR7CPUI https://t.co/snzMp08xpA";Positive
"FPI sejak 21 Juni tahun 2019 secara de jure telah bubar secara ormas
Basmi Kovid & Neo FPI
#KupasTuntasOrmasRadikal
https://t.co/yjGKhYgisD https://t.co/e2VGdeIhLA";Positive
"Hidup ini di Indonesia harus ikuti tata aturan hukum, kalau hukum sudah menyatakan kita ini melanggar misalnya, tentu ada sanksi, dan sanksi macem-macem
Basmi Kovid & Neo FPI
#KupasTuntasOrmasRadikal
https://t.co/3mNsqcBjB9 https://t.co/gcU7htny7X";Positive
"Tak hanya kegiatan, juga penggunaan simbol dan penggunaan atribut di wilayah hukum Negara Indonesia.
Basmi Kovid & Neo FPI
#KupasTuntasOrmasRadikal
https://t.co/OOuJXAjLbm https://t.co/Ah6X0ohRbA";Positive
"Indonesia butuh kedamaian, butuh ketaatan mari kita fokus penyelesaian pandemi Covid-19, kita kurangi hal-hal yang mengganggu konsentrasi kita
Basmi Kovid & Neo FPI
#KupasTuntasOrmasRadikal
https://t.co/UmFAcyTgpl https://t.co/csucC2C7t3";Positive
"Gubernur Jabar tidak mendukung adanya FPI sedangkan gubernur mana itu ya yang terang-terangan mendukung FPI sampai datang ke nikahan anaknya rijik. Kalian pasti tau gaes??????
Basmi Kovid & Neo FPI
#KupasTuntasOrmasRadikal

https://t.co/CNsvDq1Q7a";Positive
"Gubernur Jawa Barat Ridwan Kamil meminta masyarakat mentaati surat keputusan bersama enam pejabat tinggi negara terkait dengan Front Pembela Islam (FPI)

Basmi Kovid & Neo FPI
#KupasTuntasOrmasRadikal
 https://t.co/7iAIuV5jJu";Positive
"FPI Dibubarkan, Ridwan Kamil Turut Bersuara: Indonesia Butuh Kedamaian, Butuh Ketaatan. Basmi Kovid & Neo FPI
#KupasTuntasOrmasRadikal
https://t.co/MyWThQ2QVu https://t.co/RWnzdQpoPG";Positive
"Kondisi yang demikian akan sangat merugikan karena akan berdampak langsung terhadap perekonomian dan kesejahteraan rakyat.
Basmi Kovid & Neo FPI
#KupasTuntasOrmasRadikal 
https://t.co/ydfM7Lkw7O https://t.co/cjysgKUHWD";Positive
"Saat ini adalah saat yang tepat meskipun dalam kondisi Pandemi Covid 19, untuk seluruh Rakyat Indonesia bergandengan tangan bersama menyamakan langkah dan merapatkan barisan untuk melawan dan kita
Basmi Kovid & Neo FPI
#KupasTuntasOrmasRadikal 
https://t.co/ISW9noSLxn https://t.co/Uhfuuck7pO";Positive
"Hilangkan Radikalisme di Bumi Pertiwi yang kita cintai ini, jangan sampai, istri atau suami atau anak-anak kita terpapar Radikalisme.
 Basmi Kovid & Neo FPI
#KupasTuntasOrmasRadikal 
https://t.co/AtE0POqKXU https://t.co/7JXkgasWNd";Positive
"Kita saling menjaga dan mengingatkan. Karena sekali saja kita terpapar Faham Radikalisme maka selamanya kita akan dapat mengalami gangguan kejiwaan atau gangguan tingkah laku yang sulit diobati.
Basmi Kovid & Neo FPI
#KupasTuntasOrmasRadikal 
https://t.co/lXOpILCsbh https://t.co/w4l4uOAxNy";Positive
"Sudah saatnya saat ini kita berbuat untuk Bangsa Indonesia. Jangan menunggu tapi bergerak lah bersama, karena masa depan bangsa Indonesia terletak di tangan kita.
Basmi Kovid & Neo FPI
#KupasTuntasOrmasRadikal 
https://t.co/0T5m869Q2J https://t.co/FvSIzIb4lY";Positive
"Niihh nihhh... Tak hanya kegiatan, juga penggunaan simbol dan penggunaan atribut di wilayah hukum Negara Indonesia.
Basmi Kovid & Neo FPI
#KupasTuntasOrmasRadikal
https://t.co/9Lh4o1givJ https://t.co/EdWzkm2Ohv";Positive
"Niihh nihhh... Gubernur Jawa Barat Ridwan Kamil meminta masyarakat mentaati surat keputusan bersama enam pejabat tinggi negara terkait dengan https://t.co/W8Hyfo0h7G.i. 
Basmi Kovid & Neo FPI
#KupasTuntasOrmasRadikal
https://t.co/tNynOp1F1n https://t.co/xEs33A7IzW";Positive
"Niihh nihhh... Ridwan menuturkan, pihaknya imbau semua warga negara yang terafiliasi dengan https://t.co/U7szBm5MC7.i atau tidak, untuk menaati surat SKB yang dikeluarkan pemerintah pusat.
Basmi Kovid & Neo FPI
#KupasTuntasOrmasRadikal
https://t.co/Mlnynf71fo https://t.co/qx3AvGoA2x";Positive
"penyebab utama aksi radikal dan terorisme bukanlah berasal dari faktor psikopatologi, namun lebih dipengaruhi oleh faktor lingkungan atau hasil belajar sosial 
Basmi Kovid & Neo FPI
#KupasTuntasOrmasRadikal 
https://t.co/1Rw1fch3W8 https://t.co/NUyzsLRbEg";Positive
"Jangan kita di kelabui tindakan yang mencoreng nama baik agama karena sejatinya tidak ada agama yang mengajarkan kekerasan dan pembunuhan. 
Basmi Kovid & Neo FPI
#KupasTuntasOrmasRadikal 
https://t.co/i5ZN21SBrt https://t.co/UqeqcOealX";Positive
"Basmi Kovid & Neo FPI jangan biarkan hadir dan tumbuh fpi2 baru maupun fpi2 lainnya
#KupasTuntasOrmasRadikal
https://t.co/M276cU6Xzk https://t.co/qDx5jm4dib";Positive
"Indonesia Butuh Generasi Muda Berideologi Pancasila dan Berjiwa Ksatria
Insiden di Teluk Oman dan Dinamika
Basmi Kovid & Neo FPI
#KupasTuntasOrmasRadikal 
https://t.co/0xkmGeiUOk https://t.co/0ZSNyo4wCu";Positive
"Kita hidup di negara hukum jadi harus ikuti aturan hukum yg berlaku 
Basmi Kovid & Neo FPI 
#KupasTuntasOrmasRadikal
https://t.co/yUEU2ttTig https://t.co/Sy8KD2XIDR";Positive
"Beberapa lembaga survey menyimpulkan bahwa, Ideologi radikal agama juga merambah di berbagai sektor yang merupakan perpanjangan tangan pemerintah pun tidak steril dari faham radikal.
Basmi Kovid & Neo FPI
#KupasTuntasOrmasRadikal 
https://t.co/qBfWTCkjex https://t.co/IGbrYfank9";Positive
"Dalam pendekatan psikoanalisis, tingkah laku menyimpang yang dilakukan oleh kelompok-kelompok Radikal dapat dipengaruhi oleh berbagai gejala kejiwaan yang disebut sebagai reaksi terhadap kecemasan batin
Basmi Kovid & Neo FPI
#KupasTuntasOrmasRadikal 
https://t.co/FVAlfYn5fz https://t.co/QMb5QFq5DI";Positive
"Pemerintah resmi melarang berbagai kegiatan yang dilakukan oleh Organisasi Masyarakat FPI. Tak hanya kegiatan, juga penggunaan simbol dan penggunaan atribut di wilayah hukum Negara Indonesia.
https://t.co/LeyrYbSpuR
Basmi Kovid & Neo FPI
#KupasTuntasOrmasRadikal https://t.co/lp5y62zq7A";Positive
"Himbauan untuk ormas apapun haruslah memiliki izin, karena hal itu sudah ditetapkan dlam undang undang yang berlaku
Basmi Kovid & Neo FPI
#KupasTuntasOrmasRadikal

https://t.co/deNBeK5mHk https://t.co/wjwERHX25G";Positive
"Ormas yang radikal adalah ormas yg selalu meresahkan masyarakat. Mari kita basmi ormas radikalis
Basmi Kovid & Neo FPI
#KupasTuntasOrmasRadikal

https://t.co/1vj6ksEuYK https://t.co/gjfc2mCiuw";Positive
"Buat ormas yang memiliki basis dan haluan negara khilafah, maaf kita tolak marena tak sesuai dengan dasar hukum Pancasila
Basmi Kovid & Neo FPI
#KupasTuntasOrmasRadikal

https://t.co/0ogzac8lfG https://t.co/V2JgSHUTU6";Positive
"Pelarangan untuk ormas Radikal untuk Indonesia sudah sangatlah tepat demi Indonesia yang lebih damai
Basmi Kovid & Neo FPI
#KupasTuntasOrmasRadikal 

https://t.co/KHQlPLeqai https://t.co/xT5NkEq5wE";Positive
"Dengan dibubarkannya FPI, Ridwan menuturkan, pihaknya imbau semua warga negara yg terafiliasi dgn FPI atau tidak, utk menaati surat SKB yg dikeluarkan pemerintah pusat.
Basmi Kovid & Neo FPI
#KupasTuntasOrmasRadikal

https://t.co/LFJfLgEJFu https://t.co/GRdMN4y3jp";Positive
"Harapan masyarakat adalah Pemerintah adil untuk menertibkan ormas ormas yang tidak memiliki izin atau SKT dan yang menfancam ideologi bangsa Indonesia
Basmi Kovid & Neo FPI
#KupasTuntasOrmasRadikal

https://t.co/jEODYYBM58 https://t.co/Z6O4l68IHR";Positive
"Indonesia butuh kedamaian, butuh ketaatan mari kita fokus penyelesaian pandemi, kita kurangi hal yang mengganggu konsentrasi kita, karena hukum panglima tertinggi dalam kehidupan berbangsa dan bernegara kita
https://t.co/rJpOYze2LG 
Basmi Kovid & Neo FPI
#KupasTuntasOrmasRadikal https://t.co/JkYNdasRIF";Positive
"Pemerintah didukung penuh masyarakat untuk membubarkan ormas yang tidak pancasialis
Basmi Kovid & Neo FPI
#KupasTuntasOrmasRadikal

https://t.co/1wxeW4SlwV https://t.co/FyA01zzalO";Positive
#Ridwan Kamil Olahraga Cang-ucang Angge, Bahasa Ade Rai Leg Day - Gaya https://t.co/ILNalc6n02 https://t.co/VY8uOKHMJH #kamus #kbbi #bahasa;Positive
Ternyata foto pa ridwan kamil di cek suhu di tangan di apus ?????? padahal mau komen tadi;Positive
"TUGAS MAHA BESAR GENERASI KITA ADALAH MEWARISKAN TOLERANSI, BUKAN KEKERASAN. 
By: ridwan kamil. 

@divisihumaspolri 
@multimedia_poldabanten
@multimediapolrespandeglang
@humaspoldabanten
@infopandeglang
@polres_pandeglang
@humas polrespandeglang
@Respandeglang
#polrespandeglang https://t.co/hZcCvoMCFQ";Positive
Ridwan Kamil Gelar Subling Pertama, Tahun 2021 https://t.co/ITr59XAVea;Positive
"https://t.co/3b1flKvLs1

Basmi Kovid & Neo FPI
#KupasTuntasOrmasRadikal";Positive
RT @IDNTimesJabar: Penunjukan berdasarkan saran dari Ridwan Kamil https://t.co/GRO9XWML3e;Positive
Penunjukan berdasarkan saran dari Ridwan Kamil https://t.co/GRO9XWML3e;Positive
@HisyamMochtar Mari bantu agar Anies dan Ridwan Kamil bisa maju @aniesbaswedan @ridwankamil;Positive
"Ridwan Kamil mengupamakan, menangani pandemi Covid 19 seperti perang. Jadi, semua harus turut berkontribusi. Menurutnya, garda terdepan perang melawan Covid 19 ini adalah petugas kesehatan. Daerah pulih!

#BarisanProKerja 
#BangkitnyaEkonomiDaerah #IZONE pernah #lockdown https://t.co/zwnzXFLKfT";Positive
Ridwan Kamil Gelar Subling Pertama, Tahun 2021 https://t.co/3pTOsVarAg;Positive
Andai Ganjar Dipinang Parpol Lain & Gandeng Ridwan Kamil di Pilpres: Akan Sangat Dahsyat https://t.co/PWR1vFeoK7;Positive
Rayakan Ultah Pernikahan ke-24, Ridwan Kamil Hadiahi Motor Klasik Desain Sendiri untuk sang Istri https://t.co/RSv48wkd9r #jogjaku #kotagaul #random https://t.co/7asjVYqPrh;Positive
"@CynthiaEllenna @HendarwatiH Anies Baswedan,. Aa Gym Ridwan Kamil.  Juara 1, 2 Dan 3. 
Juara harapan Chaplin";Positive
"Bukan bunga atau perhiasan, ada alasan khusus mengapa motor jadi pilihan Gubernur Jawa Barat ini untuk hadiah Atalia~

https://t.co/8rL3vLeKG3";Positive
RT @TariGiboo: Gubernur Jabar Ridwan Kamil mengatakan, menangani pandemi Covid 19 seperti perang. Jadi, semua harus turut berkontribusi dlm…;Positive
https://t.co/ECpk07pwwI;Positive
"?? ?? 

?? ?? 

Artis Ridwan Ghani nggak tinggal di Bandung juga nggak jadi Ridwan Kamil kok. Lagian nggak perlu jadi Milea, nanti kenyang sama gombalan.

?? ?? 

?? ?? https://t.co/2Kh270acJ5";Positive
@bekasibase Kata temen gua sih pak ridwan kamil perpanjang sampe tgl 20, tp gak tau dah;Positive
@dedyhyoga @Namaku_Mei @ridwankamil Gebrakan naooooon nu aya si ridwan kamil malah ngadukung, tuuuh liat aja jabar pertumbuhan garis Radikal na naek, nya teu @ridwankamil;Positive
KNPI Jabar Nobatkan Ridwan Kamil Bapak Pembangunan https://t.co/lJZXPyT5ev;Positive
KNPI Jabar Nobatkan Ridwan Kamil Bapak Pembangunan https://t.co/NOaMVmG5zV;Positive
Hidup itu pilihan. Ketidaksamaan pilihan tidak harus selalu saling menjelekkan. (Ridwan Kamil);Positive
Jadi Hadiah Ridwan Kamil Untuk Atalia Praratya, Ternyata Segini Harga Motor Kawasaki W175 https://t.co/gakvISsHcT;Positive
"@Namaku_Mei @ridwankamil Ridwan kamilnnya lagi molor, kata ustad sugih matannya picek.
Puncak bagaikan gunung Es.
Tapi ridwal kamil gak bisa liat karna ketutupan fpi, disanah kan basnyask orang gurun. ??";Positive
RT @Relawananies: Hasil riset Indonesia Indicator (I2) menyebutkan Gubernur DKI Jakarta Anies Baswedan merupakan gubernur termasyhur (terpe…;Positive
"HARAP DI PATUHI
DEMI KEBAIKAN SEMUA JALANI PROKES DENGAN BENAR.https://t.co/2ME822xDje";Positive
"Heran Ridwan Kamil Minta Rakyat Taati SKB Pembubaran FPI, Teddy Gusnaidi: Anda Arahnya ke Mana Sih?
@ridwankamil
https://t.co/OlA6l2TeG0";Positive
"RT @Belok_dong: Mental oportunis begini jgn dikasih kesempatan lagi deh..

Ga punya prinsip dan sikap yg jelas
 https://t.co/BSKCNf6ncU";Positive
@_leonSR_ Malik Ridwan Kamil? ??;Positive
"Alhamdulillah Alla Kulli Haal...
.
https://t.co/lYph2yjLJK";Positive
Gubernur Jawa Barat Ridwan Kamil Perpanjang PSBB Proporsional Bodebek Hingga 20 Januari 2020 https://t.co/O8u1oNYcra;Positive
"Gubernur Jabar Ridwan Kamil mengatakan, menangani pandemi Covid 19 seperti perang. Jadi, semua harus turut berkontribusi dlm menghadapi pandemi.
#BarisanProKerja
#KesempatanUntukMaju https://t.co/MOQh57Y4j7";Positive
"Gubernur Jawa Barat, 
Ridwan Kamil, menyatakan bahwasannya UU cipta kerja menguatkan masyarakat menghadapi pandemi, sebagai sumber optimisme tahun 2021. 
@tribuana_saja
@naradhipta_yujo
@lintang_akhir
@Ghaniy90435291
@KangBimo_
@positipisme
#BarisanProKerja
#KesempatanUntukMaju https://t.co/myALx58WOk";Positive
Ridwan Kamil Motoran Pakai Helm Rambut Tetap Klimis, Kok Bisa? https://t.co/pvkAZfYkNk;Positive
@persib Ridwan Kamil;Positive
"RT @RETHA_Monicaa: Bingung sm si akang Ridwan Kamil,,,, 

Ibarat pepatah pagi tempe, sore kedelai ?? https://t.co/eqWUDQYyrL";Positive
RT @PRFMnews: “Menikahlah dengan lelaki, yang jika ada masalah, dia larinya ke toko membelikan istrinya hadiah, bukan lari ke perempuan lai…;Positive
"@ridwankamil Perpanjang PSBB Bodebek hingga 20 Januari 2021

 https://t.co/wdE1H83MC8";Positive
Ridwan Kamil Perpanjang PSBB Proporsional Bodebek hingga 20 Januari 2021 https://t.co/ZHvklFE7BJ;Positive
Hidup di jbr tapi tdk merasa punya gubernur ridwan kamil,perasnku gubernurku itu pa @ganjarpranowo ga tau kenpa;Positive
"Ridwan kamil pernah berkata ""pekerjan paling enak adalah hobi yang dibayar""";Positive
Mesranya, Ridwan Kamil Beri Kado Sepeda Motor Kepada Bu Cinta https://t.co/V6MBBTSF7m;Positive
"Peringati hari pernikahan ke-24, Ridwan Kamil berikan hadiah motor custom bergaya klasik untuk istrinya.

via @detikoto https://t.co/xzyoGwYeq4";Positive
Ridwan Kamil Putuskan PSBB di Bogor, Depok dan Bekasi Diperpanjang Hingga 20 Januari: Ridwan Kamil meminta Bupati Bogor, Wali Kota Bogor, Wali Kota Depok, Bupati Bekasi, dan Wali Kota Bekasi menerapkan Pembatasan Sosial Berskala Besar (PSBB) secara… https://t.co/IpAS7lFmT4;Positive
@detikcom Tangkap Ridwan Kamil...;Positive
@yaelahnajem @peeppeermint Ridwan kamil;Positive
Urang jabar kudu bangga boga pamingpin siga Dedi Mulyadi jeng Ridwan Kamil. Nyaan 22na saling melengkapi. Nu hiji tradisionalis, nu hiji visioner. Korea-Japan maju tp teu leungit identitas tradisional na;Positive
"RT @NvrSandie: Sule       X      Ridwan Kamil
              ??";Positive
@ridwankamil https://t.co/cKwzSGGyeR;Positive
Ada Nama Ridwan Kamil, Inilah Penerima Anugerah TIMES Indonesia 2020 Provinsi Jawa Barat https://t.co/hcqC0gsJdR;Positive
@narkosun @naibaragas @jokowi Pak Ridwan Kamil sampe terperangah dan bengong melihat seorang anak perempuan yg begitu histeris memeluk Jokowi..... Tdk ada rekayasa dan semua terjadi spontanitas..... Itu tetlihat dari bahasa tubuh si anak dan ibu si anak yg memvideokan.... Amazing ??;Positive
RT @detikoto: Uwu Banget, Ridwan Kamil Hadiahi Istrinya Motor Klasik di Ulang Tahun Pernikahan https://t.co/TKOT6pTZkc;Positive
RT @detikoto: So Sweet, Ridwan Kamil Hadiahi Bu Cinta Motor Custom https://t.co/PQAaDCHpKu;Positive
Soal CAPRES 2024, Kalo disuruh milih mana yg lebih Pantas antara Puan Maharani, Ganjar Pranowo, Ridwan Kamil dan Gibran Raka, maka sy berpendapat Gibran Rakabuming yg lebih hebat.. beliau pasti mantap dari Pak Jokowi.. https://t.co/eTvhmX8ens;Positive
@NogoSosroAsli @Mun4fikunn @Kematia78104047 Males ah ditanya lagi nih saya sekalian luruskan mengenai hoax Ridwan Kamil dikawal Fpi https://t.co/x99VvJEza8 biar mata kalian melek??;Positive
Ridwan Kamil Perpanjang PSBB Bodebek hingga 20 Januari 2021 - Follow @demokrasicoid  https://t.co/hNmCCkcfck;Positive
Ridwan Kamil Hadiahi Istrinya Motor Klasik di Ulang Tahun Pernikahan https://t.co/wsIMwJdIpc;Positive
@NogoSosroAsli @Mun4fikunn @Kematia78104047 Kan saya udah jawab hoax karena nominalnya bukan 1.5M baca yang betul aslinya disini https://t.co/PaTC9yR6JU;Positive
@saekhanuri pak ridwan kamil ??;Positive
@NogoSosroAsli @Mun4fikunn @Kematia78104047 Faktanya ga ada Ridwan Kamil ketemu fpi atau Hrs jadi jangan bikin opini tersendiri tanpa bukti ??;Positive
"Berada di Gudang Biofarma, Ridwan Kamil Jamin Pengamanan Vaksin Covid-19 Asal China, Sinovac

https://t.co/nxPPNfmtfF";Positive
"Bingung sm si akang Ridwan Kamil,,,, 

Ibarat pepatah pagi tempe, sore kedelai ?? https://t.co/eqWUDQYyrL";Positive
"@NogoSosroAsli @Mun4fikunn @Kematia78104047 Tinggal cari ada ga pertemuan Ridwan Kamil dengan fpi atau imam jumbo yang ada juga malah "" Jokowi ikutan reuni 212 pas 2016 "" Anies sowan ke rizik "" ??";Positive
"RT @Andrian98314937: "" BUNGLON "" 
CC @AnakKolong_

https://t.co/6UsP8AsWSl

Gubernur Jabar Ridwan Kamil angkat bicara terkait keputusan pem…";Positive
@NogoSosroAsli @Mun4fikunn @Kematia78104047 Cukup Gambar aja pak yah karena ga ada historynya Ridwan Kamil mendukung Rizik atau Fpi daridulu kalau mau sowan ga banyak lama langsung ke sini yang ada https://t.co/lkwNwT9tmy;Positive
@NogoSosroAsli @Mun4fikunn @Kematia78104047 Yang ke petamburan itu Gubernur Jakarta bukan Jabar jangan ngehoax pak yah cape saya meluruskan hoax ke petamburan dan dikawal Fpi ??https://t.co/PaTC9yR6JU;Positive
"RT @NvrSandie: Sule       X      Ridwan Kamil
              ?? https://t.co/9qhQvib30L";Positive
Korban Bencana Longsor Talegong Temui Gubernur Jawa Barat Ridwan Kamil,Untuk Menyampaikan Aspirasi https://t.co/lZASGZVaum;Positive
@lovesnvine @5ecretNumber Yang kedua sama yang ketiga mirip ridwan kamil??;Positive
"Sule       X      Ridwan Kamil
              ?? https://t.co/9qhQvib30L";Positive
"RT @GeiszChalifah: Bgmn menurut lembaga survey abal-abal? 
Deal nya ga begitu, Anies posisinya hrs selalu dibawah dalam segala sisi. 

http…";Positive
"RT @Mun4fikunn: @Metaliscv @NogoSosroAsli @Kematia78104047 Ini hoax bukan..? 

https://t.co/EOskOhkbir";Positive
@ClickBandung dimana gubernur Ridwan Kamil katanya tegas sama yg berkerumun;Positive
Kalahkan Ridwan Kamil juga Ganjar Pranowo, Anies Baswedan Jadi Gubernur Termasyhur dan Tervokal 2020 https://t.co/zJez1cWPm1;Positive
FPI Dibubarkan, Ridwan Kamil Turut Bersuara: Indonesia Butuh Kedamaian, Butuh Ketaatan https://t.co/aVCpfIBKAw;Positive
"@Metaliscv @NogoSosroAsli @Kematia78104047 Ini hoax bukan..? 

https://t.co/EOskOhkbir";Positive
@adearmando1 Ridwan Kamil dan PSI https://t.co/g3qBJI1mij;Positive
Dadang Supritna dan Ridwan Kamil Raih Anugerah Times Indonesia (ATI) 2020 Jawa Barat https://t.co/8kvy7rh5dV https://t.co/h7NGZg8Udj;Positive
@istirahatsiang Gue kira ridwan kamil ??;Positive
RT @mediaasatu: Ridwan Kamil Perpanjang PSBB Bodebek hingga 20 Januari 2021 https://t.co/nseSzu0OdD;Positive
"Beri Kado Motor Buat Bu Cinta, Ridwan Kamil: Selama Ini Selalu Pinjaman
??
https://t.co/pbqSS1beeE

#jabarnews #beritalokal #beritahiperlokal #harianjabar #beritajabar #beritajawabarat #jawabarat #jabar #berikadomotor #bucinta #ridwankamil #selalupinjam #ataliapr

@ridwankamil https://t.co/DfRkuLlhEF";Positive
Ridwan Kamil Kasih Kado Motor Custom untuk Istri, Captionnya Bikin Salfok https://t.co/xxi0r2eLNK;Positive
RT @cursedkidd: @pujakerangajibb krena ad ridwan kamil;Positive
Pak Ridwan Kamil mirip Om Hao sobat javanica;Positive
24 Tahun Pernikahan, Ridwan Kamil Beri Kado Kawasaki W175 Custom untuk Atalia Praratya: Ridwan Kamil memberikan hadiah sepeda motor custom berbasis kawasaki W175. Hadiah itu diberikan untuk peringatan 24 tahun pernikahannya dengan istrinya, Atalia… https://t.co/fmf7P5qzTC https://t.co/KF7j9yObRa;Positive
Hadiahi Atalia Sepeda Motor Desain Sendiri, Ridwan Kamil Berpesan ke Ibu-ibu https://t.co/ycc7EEt0f7 #TempoSeleb;Positive
So Sweet, Ridwan Kamil Hadiahi Bu Cinta Motor Custom https://t.co/PQAaDCHpKu;Positive
@NogoSosroAsli @Kematia78104047 @Mun4fikunn Salah, pada awal pencalonan Pilgub beliau sudah ke Pks Gerindra duluan tapi Pks memberi syarat harus jadi kader Pks sedangkan ibu beliau ga mau Ridwan Kamil jadi kader partaimanapun sampai sekarang jadi menerima usungan nasdem yg memberikan dukungan dgn syarat kampanyekan Jokowi;Positive
RT @tempodotco: Ridwan Kamil menghadiahi istrinya, Atalia Praratya, sepeda motor kopling dengan tampilan retro yang sudah dimodifikasi hasi…;Positive
"@Metaliscv @Suhadi33265843 @174nd0 @TeddyGusnaidi @ridwankamil Oportunis. Bunglon, pendukung fpi itu semua kau sbg org yg sgt memahami Ridwan Kamil dan istrinya yg mengatakan nya.
??????????";Positive
RT @tvOneNews: Gubernur Jabar, Ridwan Kamil memperpanjang PSBB proprosional untuk Kota Bogor, Kabupaten Bogor, Kota Depok, Kota Bekasi, dan…;Positive
@GrandLight88 @Suhadi33265843 @174nd0 @TeddyGusnaidi @ridwankamil Kok yg gitu pansos?Otaknya dimana ??Buat jadi pembeda sama kalian yg bukan warga Jabar bilang Opportunis lah , bunglonlah,pendukung Fpi padahal nyatanya kalian itu tidak tahu menahu sama sekali tentang Ridwan Kamil.Cukup warganya yg tahu atau yg berakal sehat kinerjanya yg tahu;Positive
Ridwan Kamil menghadiahi istrinya, Atalia Praratya, sepeda motor kopling dengan tampilan retro yang sudah dimodifikasi hasil desainnya sendiri. #TempoSeleb https://t.co/8D202EXciW;Positive
@GrandLight88 @Suhadi33265843 @174nd0 @TeddyGusnaidi @ridwankamil Lah ini juga berlaku buat pendukung Jokowi kaya kalian kalau g sanggup bermedsos g usah fitnah sana sini kaya kadrun??Yg pansos siapa?Ridwan Kamil gaperlu pansos kaya kamu atau teddy Gusnaidi udah punya nama dari sebelum jadi Walikota juga,kasihan argumentnya malah seakan g ngaca;Positive
Ngbatin pngen suami ky ridwan kamil, tp apa gw bisa sebaik kaya bu atalia ya ??;Positive
@pujakerangajibb krena ad ridwan kamil;Positive
@tolakbigotnkri Ridwan Kamil sejak berpolitik kenapa begini amat yakk? Mending dia Arsitek aja dahh daripada main aman gara2 pengen silaturahmi FPI cc: @tolakbigotnkri;Positive
"RT @4Ganjar: Ini baru pasangan TOP..
@ganjarpranowo
- @ridwankamil
!!???????????
@jokowi
@PDI_Perjuangan
@megainstitute
@fpdip_jakarta
@basuki_b…";Positive
"https://t.co/CzMxIbptxJ

Peringati hari pernikahan ke-24, Ridwan Kamil berikan hadiah motor custom bergaya klasik untuk istrinya.";Positive
Rayakan 24 Tahun Pernikahan, Ridwan Kamil Boyong Moge ke Rumah untuk Sang Istri https://t.co/TXxJAY8fEA;Positive
@GrandLight88 @Suhadi33265843 @174nd0 @TeddyGusnaidi @ridwankamil laporkan dong kalau emang mengejek?Fitnahan kalian lebih kejam sampai ada Ridwan Kamil pelopor Radikalisme lah mendukung Fpi lah ,tuh yang comen menjelekkan RK lebih parah keren emang kalian cebong kadrun juara dalam  pembusukkan nama baik orang ??;Positive
Ridwan Kamil Perpanjang PSBB Bodebek hingga 20 Januari 2021 https://t.co/nseSzu0OdD;Positive
RT @PRFMnews: Ridwan Kamil Keluarkan Kepgub, PSBB Proporsional di Bodebek Diperpanjang 18 Hari https://t.co/HFJ1ofH5ND;Positive
"Gubernur Jawa Barat Ridwan Kamil hari ini merayakan ulang tahun pernikahan ke-24 bersama istrinya, Atalia Praratya. 

@ridwankamil @jabarprovgoid 
https://t.co/91KbLfT1s2";Positive
"Menikahlah dengan lelaki, yang jika ada masalah, dia larinya ke toko membelikan wanitanya hadiah, bukan lari ke perempuan lain.

-Kang Ridwan Kamil";Positive
PSBB Proporsional di Bodebek Diperpanjang Ridwan Kamil https://t.co/aCKNHNyqZ2 via @rri.co.id;Positive
Uwu Banget, Ridwan Kamil Hadiahi Istrinya Motor Klasik di Ulang Tahun Pernikahan https://t.co/TKOT6pTZkc;Positive
Ridwan Kamil cenayang;Positive
24 Tahun Sukses Bina Rumah Tangga, Ridwan Kamil: Jika Ada Masalah, Tidak Lari ke Perempuan Lain https://t.co/YKf38hbiTK;Positive
Beri Kado Motor Custom ke Istri, Ridwan Kamil Berpesan ke Ibu-ibu https://t.co/guG84FzpiX;Positive
"Ridwan Kamil perpanjang PSBB proporsional wilayah Bodebek
https://t.co/UJkuiCo4Pn https://t.co/b7dSWxCsI9";Positive
Ridwan Kamil perpanjang PSBB proporsional wilayah Bodebek https://t.co/nmyBkyw8ax;Positive
"@joentakriver Ini jejak monumen ridwan kamil saat jadi walikota.
Mesin parkir total nilai 84 milyar yg tak berguna. Serta banyak proyek lainnya yg tak berguna. https://t.co/GoLcTZDff7";Positive
@GrandLight88 @Suhadi33265843 @174nd0 @TeddyGusnaidi @ridwankamil Bukti ini ada kok mengingkari???Teddy ini sama kaya Wan Abud sifatnya dulunya kontra malah menjilat , nah sedangkan Ridwan Kamil dulu dukung Prabowo tidak pernah menghina pak Jokowi dan juga sekarang sama sebaliknya beda dengan Wan Abud https://t.co/O93eNA22Xw;Positive
@GrandLight88 @Suhadi33265843 @174nd0 @TeddyGusnaidi @ridwankamil Kadrun itu emang kerjaannya fitnah dari zaman pilgub Jabar pilpres makanya alasan gue asalnya mau Golput malah milih Jokowi eh ternyata sekarang ebong menerapkan hal yang sama sampai ada fitnah Ridwan Kamil pelopor Radikal kalau ada 2024 anies vs ganjar udah dipastikan Golput??;Positive
"@Suhadi33265843 @GrandLight88 @174nd0 @TeddyGusnaidi @ridwankamil Baca lebih jelas bro ini jawaban normative ""“Kepada siapapun kita wajib bersilaturahmi, ada rencana atau tidak ada rencana, belum saya putuskan,” ujar Ridwan Kamil, ketika ditemui di Lembang, pada Rabu 11 November 2020, kalau pemimpin jawabnya ""ngapain ""justru pendukung Fpi baper";Positive
RT @MediaRakyat_: Kalahkan Ridwan Kamil juga Ganjar Pranowo, Anies Baswedan Jadi Gubernur Termasyhur dan Tervokal 2020 - https://t.co/pWjxX…;Positive
Kalahkan Ridwan Kamil juga Ganjar Pranowo, Anies Baswedan Jadi Gubernur Termasyhur dan Tervokal 2020 - https://t.co/pWjxXaJSXL https://t.co/sGiGK2Kned;Positive
RT @detikcom: Sambut tahun baru, Ridwan Kamil mengisi momen ini dengan mengunjungi seorang pemulung yang beberapa waktu lalu viral karena m…;Positive
@Suhadi33265843 @GrandLight88 @174nd0 @TeddyGusnaidi @ridwankamil Terus masalah Ridwan Kamil mau sowan dan Ridwan Kamil dikawal Fpi itu jadi hoax atau asli jadinya???;Positive
“Menikahlah dengan lelaki, yang jika ada masalah, dia larinya ke toko membelikan istrinya hadiah, bukan lari ke perempuan lain,..apalagi ke lelaki lain”—Jajang Kastem. https://t.co/XPBi1B6K8M;Positive
@GrandLight88 @Suhadi33265843 @174nd0 @TeddyGusnaidi @ridwankamil Membahas keduanya karena ini Akun Teddy sedang bahas RK yang salah dimana?Yang salah kalau saya malah melenceng bahas Fadly zonk,Prabowo,Wan Abud ??FPI yang jelas tidak ada hubungan sama sekali dengan Ridwan Kamil jelas kok.RK itu dari lahir NU dan saya bukan penjilat kaya Teddy https://t.co/Sg4KTkrTOi;Positive
"Sambut tahun baru, Ridwan Kamil mengisi momen ini dengan mengunjungi seorang pemulung yang beberapa waktu lalu viral karena membawa bayinya saat bekerja. #RidwanKamil 

via @detikoto https://t.co/wMLOJPo996";Positive
@Suhadi33265843 @GrandLight88 @174nd0 @TeddyGusnaidi @ridwankamil Kan saya bilang jangan cuman follow akun ini cari akun yang lebih objektif masalah Ridwan Kamil dikawal Fpi aja hoax kan ternyata https://t.co/x99VvJEza8;Positive
"Menikahlah dengan lelaki yang ketika ada masalah dia lari ke Toko membelikan istrinya hadiah bukan lari ke perempuan lain apalagi laki-laki lain

--- Ridwan Kamil

#gisel
#ridwankamil 
#quote
#nikah https://t.co/zQELZuUcHg";Positive
@serenade007 @tanyainrl Heh ku kira itu pak Ridwan Kamil ????;Positive
"Akhirnya.. Jabar 1 bpk @ridwankamil menyatakan ketegasannya,, bhw keputusan Pembubaran fpi sah dan wajib diikuti dan diterapkan oleh semua pemimpin2 daerah Jabar yg dibawahnya sesuai keputusan Pemerintah Pusat.

Agar ada kedamaian. @PemprovJabar https://t.co/rwV6Y5UcuS https://t.co/q09iCj9YLy";Positive
@brainstormin9 Ridwan kamil;Positive
"Jadi istrinya Pak Ridwan Kamil selalu ngakak kali ya dibecandain terus.
Guyonannya itu gimanaaa gitu.Nggak pernah ngebosenin ??";Positive
@FerryawanRusli @ridwankamil https://t.co/x99VvJEza8 contoh ini hoax dari okeZone masih aja kalian up Seenaknya padahal Okezone aja udah rubah judul dan minta maaf, Ridwan Kamil ngapain dikawal Fpi punya pengawal sendiri dicap pelopor radikal lah padahal radikalisme itu tumbuh subur dari Zaman pak Aher ??;Positive
RT @yudisti_77: @DEQLZ1012 @Mun4fikunn Gk usah melebihi tuhan klo ngomong gw juga gk suka sama ridwan kamil sejak dia mau sowan ke rizik..…;Positive
@FerryawanRusli @ridwankamil Ga perlu memposisikan diri di kubu Cebong atau Kadrun biar berakal sehat , oleh Kadrun disebut RK itu sekolam oleh Cebong disebut Kadrun artinya apa?RK itu tidak diposisi manapun, lebih Tabayyun lagi makanya sejatinya Ridwan Kamil itu tidak mendukung Fpi sama sekali daridulu https://t.co/lgGVfDFC2Y;Positive
"@noerwakhidah21 @Martirnews I know Him Udah Sejak Lama

In arabic language : Ana a'rifuhu ( Ridwan Kamil) Mundu Sanawaatin Thowiilah ??

In tukang sate languange ......??????";Positive
@FerryawanRusli @ridwankamil Malah yang ada Ridwan Kamil sowan dan discuss terus dengan Habib Lutfi https://t.co/aZKaWivb2b;Positive
Ridwan Kamil Keluarkan Kepgub, PSBB Proporsional di Bodebek Diperpanjang 18 Hari https://t.co/HFJ1ofH5ND;Positive
Ridwan Kamil sosok pemimpin yang mau cari aman. ???????? https://t.co/etyfp9N9S1;Positive
RT @kompasiana: Anies Paling Apes Dibanding Ganjar dan Ridwan Kamil, Fadli Zon Galau Tingkat Dewa https://t.co/y2j4H4hcp2;Positive
"Karena hanya sanksi administratif, maka bisa langsung membuat yg baru meskipun dg konsep lama seperti yg dilarang. ??
https://t.co/nNd8UXNMfl";Positive
Anies Paling Apes Dibanding Ganjar dan Ridwan Kamil, Fadli Zon Galau Tingkat Dewa https://t.co/y2j4H4hcp2;Positive
@AAndryanto2 @ganjarpranowo Semangat pak ridwan kamil, abda diserang buzzerrp ??;Positive
@TeddyGusnaidi @ridwankamil Ridwan kamil wassalam 2024;Positive
@Suhadi33265843 @GrandLight88 @174nd0 @TeddyGusnaidi @ridwankamil Baca itu isi bukan judul statement mbah maruf sama kaya Ridwan Kamil bukannya kaya Wan Abud langsung sowan meluncur,Kamu tidak kenal RK.Saya dekat dengan beliau dan tahu dari awal kalau RK itu tidak mendukung Fpi dari zaman sebelum walikota juga ??;Positive
"Akang urus COVID aja, biar Menkumham yg urus FPI.. Akang ga akan kuat...

Aktivitas FPI Dilarang, Ridwan Kamil: Indonesia Butuh Kedamaian https://t.co/yJKbisSczQ";Negative
"Gubernur Jabar, Ridwan Kamil memperpanjang PSBB proprosional untuk Kota Bogor, Kabupaten Bogor, Kota Depok, Kota Bekasi, dan Kabupaten Bekasi (Bodebek) hingga 20 Januari 2021.
Baca selengkapnya di https://t.co/5ZApiqHGq2

Sumber: @vivacoid
------------------
#NewsOne #PSBBBodebek https://t.co/6b0epivAYV";Negative
"@Metaliscv @Suhadi33265843 @174nd0 @TeddyGusnaidi @ridwankamil Emang gw ngomongin Ridwan Kamil ??

Tapi kalaupun mau bela RK gak ada salah nya. Cuma yg realistis saja bela2 nya.
Apa yg dilakukan RK gak mungkin gak bertujuan politis, 

Agar jgn dinilai munafik  spt tuduhan anda pd org lain

https://t.co/hbzLcgrhpM";Negative
Tanggapi Pelarangan FPI, Ridwan Kamil : Indonesia Butuh Kedamaian https://t.co/vZSGNnztN7;Negative
"Ridwan Kamil Perpanjang PSBB Bodebek hingga 20 Januari 2021

https://t.co/Gu0K9rpgul";Negative
@GrandLight88 @Suhadi33265843 @174nd0 @TeddyGusnaidi @ridwankamil Kalau masalah Ridwan Kamil beda bukan karena pandangan politik disini tapi  berusaha adil menempatkan sesuatu pada tempatnya kalau dirasa salah ya dikritisi kalau benar pasti didukung , murninya Fpi itu daridulu tidak didukung oleh Ridwan Kamil;Negative
RT @detikcom: Gubernur Jawa Barat Ridwan Kamil menetapkan PSBB proporsional untuk wilayah Bogor, Depok dan Bekasi (Bodebek) hingga 20 Janua…;Negative
Ridwan Kamil Terciduk Naik Honda ADV150 Masuk Ke Gang Sempit, Mau Kemana? https://t.co/TBi4x242W1;Negative
RT @VIVAcoid: Ridwan Kamil Perpanjang PSBB Bodebek hingga 20 Januari 2021 https://t.co/5ppXfGecvK;Negative
RT @SKaspani_ong: Harus pintar 2 memanfaatkan momentum yang muncul, Rijik datang berencana sowan, ribut di sosmed sama menko dan juga pembu…;Negative
Ridwan Kamil Perpanjang PSBB Bodebek hingga 20 Januari 2021 https://t.co/5ppXfGecvK;Negative
Gubernur Jawa Barat Ridwan Kamil menetapkan PSBB proporsional untuk wilayah Bogor, Depok dan Bekasi (Bodebek) hingga 20 Januari 2021. #PSBB https://t.co/D1n23ZmuOQ;Negative
@Indonesianews15 Ridwan kamil khilafuck.;Negative
Loohh.. https://t.co/YTQKnX9NDg;Negative
"Secara ideologi politik sih, mungkin gw lbh deket ke Partai Demokrat atau PAN

Kalo individu, mungkin Ridwan Kamil";Negative
Sambil menunggu pak Ridwan Kamil nyalonin jdi RI 1;Negative
@TeddyGusnaidi @ridwankamil Mantap kang Ridwan Kamil;Negative
"RT @Bro_Zams: Gubernur Jabar angkat bicara terkait pembubaran FPI, hidup di Indonesia harus mengikuti hukum
#NKRIJaya

https://t.co/eugbdei…";Negative
Sering Memicu Perdebatan Warganet, Anies Baswedan Gubernur Tervokal Kalahkan Ridwan Kamil dan Ganjar https://t.co/JrFQLO2Tvu;Negative
https://t.co/Q5C48DhtrE;Negative
@jpnncom Pak @ganjarpranowo cari pola lain pak... Jgn sama dengan Ridwan Kamil dan Anies... Kalau seandainya bapak mau nyalon Presiden kelak...;Negative
RT @simple_heart68: ULAR KEPALA DUA !!! https://t.co/gLvpTVdk3j;Negative
Anies & ridwan kamil < dah menghianati fpi ??. Ular kepala dua maklum;Negative
Ridwan Kamil Apresiasi Kepatuhan Warga Jabar Sambut Tahun Baru di Rumah Saja https://t.co/2SqAda2OUa;Negative
Ridwan Kamil Apresiasi Kepatuhan Masyarakat Hadapi Pergantian Tahun https://t.co/F2B0XWOZ4u;Negative
Ridwan Kamil Apresiasi Kepatuhan Masyarakat Hadapi Pergantian Tahun https://t.co/OQ3g9RRtnx;Negative
"Hadeh @ridwankamil

https://t.co/c225WhSjyD

Gubernur Jabar Ridwan Kamil angkat bicara terkait keputusan pemerintah pusat atas pembubaran dan pelarangan aktivitas Front Pembela Islam (FPI).";Negative
Ridwan Kamil Apresiasi Kepatuhan Masyarakat Hadapi Pergantian Tahun https://t.co/uHvA0bkFq3 https://t.co/nlUIIr5a6t;Negative
"Aktivitas FPI Dilarang, Ridwan Kamil: Indonesia Butuh Kedamaian

Gubernur IG https://t.co/Jx8FmktN41";Negative
@TeddyGusnaidi @ridwankamil Ridwan kamil bak laki2 Impoten menghadapi Ormas tsb di kamarnya sendiri.??????;Negative
"RT @kompascom: ""Kami beri solusi pekerjaan mengurusi taman mulai minggu depan sehingga tidak usah jadi pemulung lagi,"" kata Emil. https://t…";Negative
"""Kami beri solusi pekerjaan mengurusi taman mulai minggu depan sehingga tidak usah jadi pemulung lagi,"" kata Emil. https://t.co/3Z8LPrMY6E";Negative
"@OmBrewoks3 @MbahJaroL @mohmahfudmd Dia malu om , nggak mungkin jawab. Abis di ""telanjangin"" ridwan kamil masalah statemen penjemputan..., eh tiba2 emosi trus bubarin FPI. ????";Negative
"RT @DimasPermana817: ""Jadi kami imbau semua warga negara baik yang terafiliasi dengan FPI atau tidak untuk menaati surat SKB yang dikeluark…";Negative
Antara FPI dan Pandemi, Ridwan Kamil Minta Semua Fokus Lawan Covid-19 https://t.co/1gzYsd7kwq;Negative
Warga Jabar Membuat Ridwan Kamil Terharu, Ada Hal Luar Biasa Ternyata https://t.co/0vEgxIr6Qr;Negative
RT @RD_4WR1212: Gubernur Jabar Ridwan Kamil menghimbau kpd seluruh masyarakat Jabar yg terafiliasi dgn FPI atau tidak, untuk menaati surat…;Negative
"RT @SahabatSaber: Ciluk baa... Kemaren siapa yang mau sowan ke Petamburan.. hayooo... 
??????

Indonesia butuh kedamaian karena FPI terlarang…";Negative
"@TeddyGusnaidi @ridwankamil Pak Ridwan Kamil Kurang Punya Sikap Tegas dan Jelas ""Bunglon""

Keputusan Beliau Sering Gampang Berubah Ketika Ada Tekanan";Negative
"""Jadi kami imbau semua warga negara baik yang terafiliasi dengan FPI atau tidak untuk menaati surat SKB yang dikeluarkan pemerintah pusat. Indonesia butuh kedamaian, butuh ketaatan,"" - Kang Emil

? Kan adem.. ??

https://t.co/r3OoueZPd7";Negative
"Bahhhh...kok bisa berubah seketika ya Bung @ridwankamil ? 

Udah mirip layangan yg talinya putus dong...tergantung kemana arah angin ya? Atau kek bunglon yg bisa berubah warna? 

https://t.co/gxvjxq2kCe";Negative
"RT @elbynz: Yess!! jgn mau pilih pemimpin yg mencla mencle sperti Ridwan Kamil.
Gitu aja sih";Negative
@HileudKeusik @rustandi_hilman @RomiJaelani @Indrahe34769140 @lewnong @ridwankamil @Dennysiregar7 Maneh jigana sarua jiga FPI ngaraku Islam tapi bangsat Kabeh dititah sumpah demi Allah SWT ge teu bisa.Ya terus maneh comen di akun Ridwan Kamil wajar dicomenan negatif da maneh mah lain kritik tapi bacot luar biasa tidak bergunanya diajak panggihan langsung teu daek pecun maneh?;Negative
@HileudKeusik @RomiJaelani @Indrahe34769140 @lewnong @ridwankamil Daripada saya musti percaya ke akun cebong-kadrun nu sok ditongkrongan ku maraneh mahluk demit yg bikin aura negatif mendingan urang mah ningali postingan ridwan kamil nu jelas memberikan manfaat keur wargana??sedangkan maneh ngatweet didieu cuman provokasi faedahna naon?Eweh;Negative
Ridwan Kamil Apresiasi Kepatuhan Warga Jawa Barat Saat Malam Tahun Baru 2021 https://t.co/U9TTG9hRTP;Negative
Anies Baswedan Jadi Gubernur Termasyhur dan Tervokal 2020, Kalahkan Ridwan Kamil juga Ganjar Pranowo https://t.co/YUkTnUacA6;Negative
@HileudKeusik @RomiJaelani @Indrahe34769140 @lewnong @ridwankamil Tweet maneh Aya di akun Ridwan Kamil lamun mbung dibacotan maneh jempling Weh ditu.ey Naha maneh baperan ayeuna?baperan teriak baperan sehat maneh???;Negative
RT @PRFMnews: Warga Jabar, kalian luar biasa! Yuk kita berjuang bersama agar pandemi segera berakhir https://t.co/srTlfwM3Oj;Negative
ULAR KEPALA DUA !!! https://t.co/gLvpTVdk3j;Negative
RT @AdelFauzan3: Warga Jabar Membuat Ridwan Kamil Terharu, Ada Hal Luar Biasa Ternyata https://t.co/ZoUBimhoPF;Negative
"Ini baru maju cara berpikirnya, semoga bukan hanya lips service @ridwankamil 
https://t.co/YEs0Oodl9W";Negative
"Goodbener @aniesbaswedan best of the best Allahu Akbar
#FPI_FrontPersatuanIslam
#FokusKematian6LaskarFPI
https://t.co/hmkXEQczA3";Negative
@reese_one @kejO_Online Betul fase 3 di Indonesia kan sudah dilaksanakan saat gub Ridwan Kamil, forpimda dan lainnya jadi relawan uji vaksin di Bandung. https://t.co/ULApnvgock;Negative
Anies Baswedan Nomor Satu, Ridwan Kamil Nomor Dua https://t.co/5J5Iy76h3g;Negative
"RT @MuhadjirM: @SKaspani_ong Ridwan Kamil ?
Hèlèh mBèl !!!";Negative
Kalahkan Ridwan Kamil juga Ganjar Pranowo, Anies Baswedan Jadi Gubernur Termasyhur dan Tervokal 2020 https://t.co/OfRZztS1F7;Negative
"RT @PANDHITADHYASA1: ... batal Silaturahmi ke "" Lord of Petamburan "" donk kang ??????

Aktivitas FPI Dilarang, Ridwan Kamil: Indonesia Butuh K…";Negative
"Pak RK ini gak pernah yakin.. Jadinya sering berubah2 warna.

Latihan jadi oportunis ??
https://t.co/IY9Skus9ga";Negative
Malam Tahun Baru Sepi, Ridwan Kamil Apresiasi Kepatuhan Masyarakat https://t.co/9d7zfeKXiD;Negative
"@SKaspani_ong Ridwan Kamil ?
Hèlèh mBèl !!!";Negative
"Yess!! jgn mau pilih pemimpin yg mencla mencle sperti Ridwan Kamil.
Gitu aja sih https://t.co/sLPnuJkcmM";Negative
Warga Jabar Membuat Ridwan Kamil Terharu, Ada Hal Luar Biasa Ternyata https://t.co/ZoUBimhoPF;Negative
@masbasss_ Vector ridwan kamil;Negative
"Indonesia tidak butuh calon pemimpin OPORTUNIS TUKANG MAIN AMAN.

Safety Player hanya cocok memimpin negara Republik Wakanda.
@ridwankamil 

#NoRidwanKamilfor2024 
#IndonesiaDamaiTanpaFPI

https://t.co/WER94kwrFS";Negative
@geetracker Ridwan kamil = End !!!!;Negative
RT @MndJaya: #FPITerlarang @PemprovJabar https://t.co/lnRfAmWOmn;Negative
@Mun4fikunn Ridwan Kamil Mencla mencle;Negative
"Hasil riset Indonesia Indicator (I2) menyebutkan Gubernur DKI Jakarta Anies Baswedan merupakan gubernur termasyhur (terpegah) dan tervokal dalam isu Covid-19 baik di media massa maupun media sosial.

??????
https://t.co/3XgVbw6Etw https://t.co/KsAOOQayXe";Negative
Untuk membangun perekonomian negara butuh kedamaian. Yang suka ribut dan bikin rusuh harus 'dikandangi' dulu. https://t.co/bXzb1GGjPb;Negative
""" BUNGLON "" 
CC @AnakKolong_

https://t.co/6UsP8AsWSl

Gubernur Jabar Ridwan Kamil angkat bicara terkait keputusan pemerintah pusat atas pembubaran dan pelarangan aktivitas Front Pembela Islam (FPI).";Negative
"Mental oportunis begini jgn dikasih kesempatan lagi deh..

Ga punya prinsip dan sikap yg jelas
 https://t.co/BSKCNf6ncU";Negative
"Kinerja yang sudah dicapai:
- Ridwan Kamil
- Anies Baswedan
- Ganjar Pranowo

kira-kira apa aja?";Negative
"Gubernur Jabar angkat bicara terkait pembubaran FPI, hidup di Indonesia harus mengikuti hukum
#NKRIJaya

https://t.co/eugbdeiWqn";Negative
@Mun4fikunn “Kepada siapapun kita wajib bersilaturahmi, ada rencana atau tidak ada rencana, belum saya putuskan,” ujar Ridwan Kamil;Negative
Kalahkan Ridwan Kamil juga Ganjar Pranowo, Anies Baswedan Jadi Gubernur Termasyhur dan Tervokal 2020 https://t.co/tKIfKMz8hu https://t.co/UnoGIORWgw;Negative
Gubernur Jawa Barat, Ridwan Kamil memiliki caranya tersendiri untuk merayakan malam peralihan tahun kemarin. / #Regional #VideoKompas https://t.co/wS5XiGRN4N;Negative
Kalahkan Ridwan Kamil juga Ganjar Pranowo, Anies Baswedan Jadi Gubernur Termasyhur dan Tervokal 2020 https://t.co/MM1w8WKX1l;Negative
#FPITerlarang @PemprovJabar https://t.co/lnRfAmWOmn;Negative
"RT @jabarprovgoid: Ridwan Kamil Dinobatkan ""Bapak Pembangunan Kepemudaan"" oleh KNPI https://t.co/4CaJ6oMuTU https://t.co/UAEtEivxRh";Negative
Anies - Ridwan Kamil... mantab uga...;Negative
"Mantul my Goodbener ??
Fakta yg harus diterima!! ??

Kalahkan Ridwan Kamil juga Ganjar Pranowo, Anies Baswedan Jadi Gubernur Termasyhur dan Tervokal 2020
https://t.co/K5tjqb8eOd";Negative
Ridwan kamil gak akan komen soal fpi juga aanies < rekan sejawat ? ??;Negative
@HileudKeusik @Indrahe34769140 @lewnong @ridwankamil Loba nu nanya manfaat ente naon keur jawa barat ?tinggal jawab ulah ngacapruk itu ieu.kinerja ridwan kamil itu baru 2 tahun masih berjenjang & ada kemajuan , ku ente nu tidak memberikan saran solutif dihina(lainna kritik da hina hujatan maneh disebut kritik mah )guna teu?Henteu;Negative
"gimana yg kemarin dipanggil ke polda jabar untuk diminta keterangan pake bawa bawa fpi juga y @ridwankamil

tp syukur alhamdulilah deh cepet sadar

Aktivitas FPI Dilarang, Ridwan Kamil: Indonesia Butuh Kedamaian https://t.co/WYI6ixQktv";Negative
"Maaf pak ridwan kamil.. 
Masa depanmu di 2024 sdh rusak di mata rakyat Indonesia. 
Rakyat sdh tau identitas bunglonmu. 
Beda kelas anda dgn bpk gub @ganjarpranowo . https://t.co/3zJgfMMMNN";Negative
"Risma akan menjadi idola baru dalam politik nasional, akan menjadi perempuan yang memiliki elektabilitas tertinggi dan akan bersaing ketat dalam survei-survei kedepan dengan Ganjar, Prabowo, Anies dan Ridwan Kamil

https://t.co/A5C0FpXJS0";Negative
Didesak Beri Tanggapan Soal Anies Baswedan hingga Ridwan Kamil, Begini Jawaban Ganjar Pranowo https://t.co/jneZKN2zAp;Negative
Ridwan Kamil Jamin Pengamanan Vaksin di Gudang Biofarma Bandung https://t.co/MRDFs4wPU4;Negative
"... batal Silaturahmi ke "" Lord of Petamburan "" donk kang ??????

Aktivitas FPI Dilarang, Ridwan Kamil: Indonesia Butuh Kedamaian https://t.co/A895YXFNro";Negative
"Ciluk baa... Kemaren siapa yang mau sowan ke Petamburan.. hayooo... 
??????

Indonesia butuh kedamaian karena FPI terlarang sekarang..
RK https://t.co/HmaRaBuFEF";Negative
Pembangunan Gedung Creative Center ini merupakan program unggulan  dan mendapat bantuan keuangan dari Pemprov Jabar tahun anggaran 2020. Pemkab Sumedang sudah mengajukan lagi bantuan untuk tahun anggaran 2021 ke Pak Gubernur Ridwan Kamil untuk lanjutan Gedung Creative Center.;Negative
Ridwan Kamil Terharu dengan Kepatuhan Warga Jabar yang Meminimalisir Mobilitas Malam Tahun Baru https://t.co/5xbN44GG4d;Negative
@mandelnm00n huum, padahal kerasa baru kemarin pak ridwan kamil ke konser txt, ternyata udah 4 tahun lalu ??;Negative
"RT @koko_kru: Sepakat Pak , Mulai Kembali ke jalur yang seharus nya ya Pak..??

https://t.co/RlnVX85Q8w";Negative
RT @TofaTofa_id: Sebaiknya, berjenjanglah. Kalau dari Walikota ya sebaiknya ke Gubernur dulu. Biar belajar step by step. Karena yang step b…;Negative
"RT @Panglima_Minal: P @aniesbaswedan PATEEEN BUKAN KALENG2 !!

""Anies banyak dibahas media terkait kebijakan PSBB DKI Jakarta yang menjadi…";Negative
@geetracker Ini orang mau nya apa sih .. Ridwan Kamil ,dulu sy bangga padamu ,  bahkan sy berharap andalah calon pengganti Pak Dhe Jokowi , tapi skrng gk lagi , anda plin plan tergantung ke adaan ...;Negative
"Sepakat Pak , Mulai Kembali ke jalur yang seharus nya ya Pak..??

https://t.co/RlnVX85Q8w";Negative
RT @MazByan: Ridwan Kamil Gubernur  rasa Walikota sudah jadi KADRUN mana mau mikirin yang kayak gini;Negative
@DEQLZ1012 @Mun4fikunn Gk usah melebihi tuhan klo ngomong gw juga gk suka sama ridwan kamil sejak dia mau sowan ke rizik.. tp gk usah lo ngomong kaya bawa2 suku segala...;Negative
1,8 Juta Dosis Vaksin Sinovac Tiba di Bio Farma Bandung, Ini Cara Ridwan Kamil Pastikan Keamanannya https://t.co/PP0hlBoPwF;Negative
@Suara_Bawah Bau2nya 2024 anies+ridwan kamil vs prabowo+ganjar ..menarique;Negative
Ridwan Kamil Pastikan Vaksin Sinovac Tiba dengan Aman di Bio Farma – Okezone – https://t.co/SMrjYspP53 https://t.co/FS1Vr4g2w4;Negative
Ridwan Kamil Pastikan Vaksin Sinovac Tiba dengan Aman di Bio Farma – Okezone https://t.co/sQXQTr9AaF;Negative
"Harus pintar 2 memanfaatkan momentum yang muncul, Rijik datang berencana sowan, ribut di sosmed sama menko dan juga pembubaran oleh menko.
Kadal buntung adalah sesuatu momentum https://t.co/gPZ8R8KJB6";Negative
"RT @myatharva: GA JADI SOWAN ENTE....?

SOWAN KE POLDA JA...

https://t.co/i4wZ8lINp9";Negative
@HileudKeusik @Indrahe34769140 @lewnong @ridwankamil Paparkeun weh manfaat jeung dampak naon nu dijieun ku maneh bisa lebih alus ti Ridwan Kamil bro?boga jasa naon maneh ka bandung & jawa barat?yakin kabeh warga jabar nurutkeun maneh ?sok bawa massa maneh ka gedung sate hayang apal maneh bisa naon nurunkeun rk ulah bacot hungkul;Negative
"P @aniesbaswedan PATEEEN BUKAN KALENG2 !!

""Anies banyak dibahas media terkait kebijakan PSBB DKI Jakarta yang menjadi perhatian masyarakat luas, bahkan hingga di luar Jakarta.""

???? #FPIBukanTeroris ????
???? #FPIBukanTeroris ????

https://t.co/xGl2lMDQqL";Negative
@RD_4WR1212 @alex_hunter146 @ridwankamil @aniesbaswedan Emang yakin 2024 umur kalian masih ada?Kalian semua itu ingin membusukkan nama Ridwan Kamil biar Ganjar naik sama halnnya kaya pendukung Wan abud membusukkan nama Ridwan Kamil biar Anies naik.Cebong-kadrun beda kualitas?Saya rasa sama aja sama sama penghasut dan pengadu domba??;Negative
Pemerintah Larang FPI, Ridwan Kamil: Indonesia Butuh Kedamaian, Butuh Ketaatan https://t.co/tDwbC1M7Q8;Negative
@RD_4WR1212 @alex_hunter146 @ridwankamil @aniesbaswedan Mendukung kang Emil mah ga sampai nyebar hoax RK terafiliasi dengan kadrun lah dengan hoax dikawal fpi lah mendukung HTI lah .Kalau ya Ridwan Kamil mau sowan ya langsung sowan bukannya cuman statement tanya aja Habib Lutfi;Negative
KNPI nobatkan Ridwan Kamil sebagai Bapak Pembangunan Kepemudaan Jabar https://t.co/vVOOZTjTjD;Negative
"RT @FitRadioBandung: Vaksin Covid-19 menjadi instrumen vital dalam memerangi Covid-19.
Gubernur Jabar, Ridwan Kamil memastikan kiriman 1,8…";Negative
"Vaksin Covid-19 menjadi instrumen vital dalam memerangi Covid-19.
Gubernur Jabar, Ridwan Kamil memastikan kiriman 1,8 juta dosis vaksin Sinovac telah tiba dengan selamat dan aman di PT Bio Farma, Pasteur Kota Bandung, Kamis (31/12/2020) sekitar pukul 18.00 WIB.#StayFitForLife https://t.co/5p6VMdnaDf";Negative
https://t.co/VUeNGnanb4;Negative
"@detikcom cianjur tuh,
di jawa barat,
gubernurnya pak ahmad heriyawan (pk aher)
sekarang pak ridwan kamil (kang emil)
...
..
.
sampe sini,
faham....???";Negative
Ridwan Kamil Makan Malam dengan Pemulung di Malam Tahun Baru https://t.co/FjKfgI5rok;Negative
** https://t.co/d0TVKLr1Bi ** Dede, Pemulung yang Viral Dapat 'Kado' dari Gubernur Jabar Ridwan Kamil di Malam Tahun Baru - https://t.co/3LqbdeuiUs - Pikiran Rakyat;Negative
@alex_hunter146 @RD_4WR1212 @ridwankamil Saya tanya yang Ridwan Kamil dikawal Fpi itu hoax atau bukan?Udah baca isinya?;Negative
RT @detikcom: #VIDEO Pemerintah resmi melarang segala aktivitas FPI pada Rabu (30/12). Usai pelarangan tersebut, kantor Gubernur Jawa Barat…;Negative
"@alex_hunter146 @RD_4WR1212 @ridwankamil Emil, yang menggunakan kemeja putih dilapisi rompi berwarna biru gelap langsung menuju Gedung Ditreskrimum.
Sementara, 2 anggota FPI yang diduga sebagai penyelenggara kegiatan di Megamendung itu juga hadir sesaat sebelum Ridwan Kamil hadir.
Baca isinya jangan judulnya";Negative
"pak @ridwankamil 
gak jadi sowan ke petamburan
https://t.co/UURo689Kxb";Negative
@RD_4WR1212 @Metaliscv @ridwankamil Tapi FPI Tetap Mutual Kawal Gubernur Jabar Ke Polda Jabar https://t.co/uWeQWobfam;Negative
"Urang sami sami ngabandungan wae nya Kang Kamil, aya istilah "" Kebenaran akan mencari jalan Nya"" Mugi disaat eta urang sadaya aya dina LindunganNa. Mung Alloh SWT, nu uninga sagalana .Amiin YRA. Ini Kata Ridwan Kamil soal Pembubaran FPI https://t.co/1lgyFzbPsG";Negative
RT @pikiran_rakyat: Kalahkan Ridwan Kamil juga Ganjar Pranowo, Anies Baswedan Jadi Gubernur Termasyhur dan Tervokal 2020 https://t.co/M8iCI…;Negative
"@BidhumasKalbar Mantaap bapak ridwan kamil ??
#HidupDamaiJagaToleransi";Negative
"Contoh Pejabat plin-plan.
Syukurlah cepat sadar.
https://t.co/Ur827UDKmi";Negative
Ridwan Kamil Tahun Baruan Naik ADV Masuk Gang Sempit, Ngapain Kang? https://t.co/zWe1hDQ7S0;Negative
"FPI Dibubarkan Pemerintah, Gubernur Ridwan Kamil: Indonesia Butuh Kedamaian

https://t.co/qMv2HLRNmv";Negative
"Aktivitas FPI Dilarang, Ridwan Kamil: Indonesia Butuh Kedamaian

Tapi kemaren pake dikawal2 fpi?!
 https://t.co/gpU8pNyCzG";Negative
"@FerdinandHaean3 @Billy_aprianto RK = Ridwan Kamil
         Ridwan Kadrun

Mana yang bener nich?";Negative
Semoga : Kalahkan Ridwan Kamil juga Ganjar Pranowo, Anies Baswedan Jadi Calon Presiden RI 2024 termashyur. ?? https://t.co/2dop3JBDAe;Negative
"RT @Bimanta70318964: @humaskedirires @ridwankamil Mantap Statemen Ridwan Kamil demi kelangsungan beragama di indonesia.
#HidupDamaiJagaTole…";Negative
"@humaskedirires @ridwankamil Mantap Statemen Ridwan Kamil demi kelangsungan beragama di indonesia.
#HidupDamaiJagaToleransi";Negative
Ridwan Kamil Datangi Rumah Pemulung Viral di Kiaracondong, Ternyata Ini yang Dilakukan https://t.co/ocOupDlwhj;Negative
ADUUH SIWON RADIATES RIDWAN KAMIL ENERGY BANGET SIH;Negative
Malam Pergantian Tahun Berlalu, Ridwan Kamil Prihatin https://t.co/PYaTwICjwk;Negative
Di beberapa tempat wisata di Jabar, beberapa kendaraan menuju Puncak, Bogor dikembalikan karena kedapatan tidak membawa surat bebas COVID-19 https://t.co/g0wkKD4gbp;Negative
RT @IDNTimesJabar: Gubernur Jabar tidak pernah melarang masyarakat berlibur https://t.co/0ar74ntlwq;Negative
Gubernur Jabar tidak pernah melarang masyarakat berlibur https://t.co/0ar74ntlwq;Negative
RT @tempodotco: Ridwan Kamil dan Atalia Praratya Rayakan Tahun Baru Bersama Keluarga Pemulung https://t.co/b5WdYnuZNY #TempoSeleb;Negative
Ridwan Kamil dan Atalia Praratya Rayakan Tahun Baru Bersama Keluarga Pemulung https://t.co/b5WdYnuZNY #TempoSeleb;Negative
RT @Indosiar: Gubernur Jawa Barat, Ridwan Kamil mengucapkan selamat ulang tahun untuk Indosiar dengan harapan Indosiar untuk terus mewujudk…;Negative
"Gubernur Jawa Barat, Ridwan Kamil mengucapkan selamat ulang tahun untuk Indosiar dengan harapan Indosiar untuk terus mewujudkan mimpi anak-anak bangsa melalui siarannya. 

Kalau kalian, mau kasih harapan apa untuk Indosiar? #Indosiar26ether https://t.co/5zEKDVBINY";Negative
"Ridwan Kamil Jamin Pengamanan Vaksin yang Sudah Sampai di Biofarma

https://t.co/RhDHI4ThuH";Negative
Kalahkan Ridwan Kamil juga Ganjar Pranowo, Anies Baswedan Jadi Gubernur Termasyhur dan Tervokal 2020 https://t.co/2CcaDvA1P7;Negative
Berada di Gudang Biofarma, Ridwan Kamil Jamin Pengaman Vaksin Covid-19 Asal China, Sinovac https://t.co/8bdN2HDgMi;Negative
RT @SINDOnews: KNPI Nobatkan Ridwan Kamil Bapak Pembangunan Kepemudaan Jawa Barat https://t.co/lbhgUz9ka8 @ridwankamil;Negative
"Gubernur Jabar Ridwan Kamil menghimbau kpd seluruh masyarakat Jabar yg terafiliasi dgn FPI atau tidak, untuk menaati surat SKB yang dikeluarkan pemerintah pusat. Indonesia butuh kedamaian, butuh ketaatan. Tindak Tegas Kang @ridwankamil kl mau maju 2024.

https://t.co/LXw2RQlymo";Negative
"RT @PRFMnews: Ridwan Kamil Merasa Terharu Lihat Ketaatan Warga Jabar Saat Malam Tahun Baru Kemarin
https://t.co/jrvPYyY9Ns";Negative
"Ridwan Kamil Merasa Terharu Lihat Ketaatan Warga Jabar Saat Malam Tahun Baru Kemarin
https://t.co/jrvPYyY9Ns";Negative
RT @VIVAcoid: Ridwan Kamil Rayakan Malam Tahun Baru Bareng Pemulung Bawa Bayi https://t.co/5DIrBkPapn;Negative
Ini Cara Ridwan Kamil Malam Tahun Baruan Bersama Ibu Cinta, Sampai ke Gang Sempit di Kiaracondong https://t.co/QYq9MHgoGP;Negative
Kalahkan Ridwan Kamil juga Ganjar Pranowo, Anies Baswedan Jadi Gubernur Termasyhur dan Tervokal 2020 https://t.co/M8iCI0QwS6;Negative
"Terharu, Ridwan Kamil: Ada Sedih, Sejarah Perayaan Tahun Baru, Sesepi Ini
??
https://t.co/O38q1uo0ma

#jabarnews #beritalokal #beritahiperlokal #harianjabar #beritajabar #beritajawabarat #jawabarat #jabar #terharu #ridwankamil #sedih #sejarahperyaan #tahunbaru #sepi
@ridwankamil https://t.co/910kvxIrUG";Negative
Ridwan Kamil Jamin Pengamanan Vaksin yang Sudah Sampai di Biofarma https://t.co/e18JuVfjOs;Negative
Ridwan Kamil Rayakan Malam Tahun Baru Bareng Pemulung Bawa Bayi https://t.co/5DIrBkPapn;Negative
FPI Dibubarkan, Ridwan Kamil Turut Bersuara: Indonesia Butuh Kedamaian, Butuh Ketaatan https://t.co/yUVOkPDzTF;Negative
"RT @NKRI__1: https://t.co/CYW2QcnFrL

Gubernur Jabar Ridwan Kamil angkat bicara terkait keputusan pemerintah pusat atas pembubaran dan pela…";Negative
"https://t.co/CYW2QcnFrL

Gubernur Jabar Ridwan Kamil angkat bicara terkait keputusan pemerintah pusat atas pembubaran dan pelarangan aktivitas Front Pembela Islam (FPI).";Negative
1,8 Juta Vaksin Covid-19 Tiba dan Disimpan di Biofarma Bandung, Ridwan Kamil Jamin Satu Hal https://t.co/pkoXBACWd7;Negative
"GA JADI SOWAN ENTE....?

SOWAN KE POLDA JA...

https://t.co/i4wZ8lINp9";Negative
"Begini Respons Ridwan Kamil soal Pembubaran FPI
https://t.co/yktC6JX0dL";Negative
Ridwan Kamil Dibuat Terharu oleh Masyarakat Jabar di Malam Tahun Baru, Kenapa? https://t.co/YrabD0VzSN;Negative
@antaranews Tervokal itu Ridwan Kamil. Gubernur DKI tu Manis.  Manis Baswedan https://t.co/Lm3P9HFKdv;Negative
"RT @AirinAirin_NZ: 10 Tokoh Politik Paling Diperbincangkan di Tahun 2020

1. @jokowi
2. Anies
3. @ganjarpranowo
4. Rizal Ramli
5. Fadli Zon…";Negative
Anies lebih akurat memetakan wabah daripada Ridwan Kamil dikarenakan mentest lebih banyak, Anies saja belum berani buka sekolah tatap muka, harusnya Ridwal Kamil lebih tidak berani .;Negative
RT @kompascom: Ridwan Kamil bersama istrinya, Atalia Praratya, berkesempatan makan bersama Dede, pemulung yang sempat viral karena bekerja…;Negative
"Berada di Gudang Biofarma, Ridwan Kamil Jamin Pengaman Vaksin Covid-19 Asal China, Sinovac
https://t.co/wyOZQ0hZ8f";Negative
Ridwan Kamil bersama istrinya, Atalia Praratya, berkesempatan makan bersama Dede, pemulung yang sempat viral karena bekerja sambil membawa bayinya. https://t.co/sb6OVLrJJz;Negative
RT @PRFMnews: Kota Bandung Sepi Pada Saat Malam Tahun Baru Kemarin, Ridwan Kamil: Lebih Sepi dari Hari Biasa https://t.co/UnKbV3BbUh;Negative
Gubernur Ridwan Kamil minta ANTARA sumbang foto bagi Monumen Pahlawan COVID-19 - ANTARA News Jawa Barat https://t.co/AcWrv4OUSv;Negative
FPI Resmi Dilarang, Ridwan Kamil Minta 27 Kab/Kota di Jabar Taat https://t.co/Tch7S7DoE3;Negative
RT @pikiran_rakyat: Dede, Pemulung yang Viral Dapat 'Kado' dari Gubernur Jabar Ridwan Kamil di Malam Tahun Baru https://t.co/x76BvmMegS;Negative
KNPI Nobatkan Ridwan Kamil Bapak Pembangunan Kepemudaan Jawa Barat https://t.co/lbhgUz9ka8 @ridwankamil;Negative
Awal Tahun 2021, Ridwan Kamil Unggah Postingan Menyentuh Hati https://t.co/duFjdi77Wq;Negative
Dede, Pemulung yang Viral Dapat 'Kado' dari Gubernur Jabar Ridwan Kamil di Malam Tahun Baru https://t.co/x76BvmMegS;Negative
RT @CNNIndonesia: Ridwan Kamil Jamin Pengamanan Vaksin Corona di Bio Farma https://t.co/wLdbhUjpwy;Negative
Jalan Terjal Anies, Ridwan Kamil, dan Ganjar Menuju Pilpres 2024 https://t.co/ewFq5CPVrm;Negative
RT @detikcom: Menjelang pergantian tahun 2021, Gubernur Jawa Barat Ridwan Kamil melakukan inspeksi di Ibu Kota Jawa Barat, Kota Bandung. Da…;Negative
Berada di Gudang Biofarma, Ridwan Kamil Jamin Pengaman Vaksin Covid-19 Asal China, Sinovac https://t.co/GFhclUw9qx;Negative
"RT @MuhammaD19s: Kami setuju dgn pak Ridwan Kamil..!

Apa yg dikatakan oleh Guburnur Jawa barat ini adalah fakta...

Pak @mohmahfudmd ?? htt…";Negative
Ridwan Kamil Pastikan Vaksin Sinovac Tiba dengan Aman di Bio Farma https://t.co/oCqgjZ1eIn https://t.co/em5MKIeHEZ;Negative
RT @SINDOnews: Jalan Terjal Anies, Ridwan Kamil, dan Ganjar Menuju Pilpres 2024 https://t.co/Ogzmaq6LwE @aniesbaswedan @ridwankamil @ganjar…;Negative
Menjelang pergantian tahun 2021, Gubernur Jawa Barat Ridwan Kamil melakukan inspeksi di Ibu Kota Jawa Barat, Kota Bandung. Dalam inspeksinya, Kang Emil menilai pergerakan masyarakat di Bandung lebih rendah dari hari-hari sebelumnya. https://t.co/3NY4NGqsUM;Negative
Warga Jabar, kalian luar biasa! Yuk kita berjuang bersama agar pandemi segera berakhir https://t.co/srTlfwM3Oj;Negative
Jalan Terjal Anies, Ridwan Kamil, dan Ganjar Menuju Pilpres 2024 https://t.co/Ogzmaq6LwE @aniesbaswedan @ridwankamil @ganjarpranowo #BukanBeritaBiasa #capres;Negative
Ridwan Kamil Pastikan Vaksin Sinovac Tiba dengan Aman di Bio Farma #LengkapCepatBeritanya #BeritaTerkini  . https://t.co/JTxwFAPQsd;Negative
Ini Kata Ridwan Kamil soal Pembubaran FPI #LengkapCepatBeritanya #BeritaTerkini  . https://t.co/Szwm5F9Ed7;Negative
Kota Bandung Sepi Pada Saat Malam Tahun Baru Kemarin, Ridwan Kamil: Lebih Sepi dari Hari Biasa https://t.co/UnKbV3BbUh;Negative
Heboh Pembubaran, Melihat FPI dari Kacamata Seorang Ridwan Kamil https://t.co/0Qi2cKlBdE;Negative
Kata Kang Emil, pemerintah tidak main-main dalam mengamankan vaksin tersebut. https://t.co/GIHnOaGZmI;Negative
RT @detikcom: Gubernur Jawa Barat Ridwan Kamil menanggapi adanya wisatawan yang diputarbalik di Puncak Bogor karena kedapatan tak membawa s…;Negative
Dalam kesempatan tersebut, @ridwankamil memutuskan untuk memberi pekerjaan baru kepada Pak Dede, yakni mengurusi taman sehingga tidak perlu jadi pemulung lagi. https://t.co/DDeUgulB0O;Negative
RT @kumparan: Ridwan Kamil harap warga Jabar mematuhi aturan yang telah ditetapkan pemerintah tersebut. #kumparanNEWS https://t.co/A0RASUpx…;Negative
mantan bapak Ridwan Kamil;Negative
Gubernur Jawa Barat Ridwan Kamil menanggapi adanya wisatawan yang diputarbalik di Puncak Bogor karena kedapatan tak membawa surat rapid test antigen https://t.co/b6PPAdnbQ2;Negative
@ThompsonKumis @ridwankamil Gini amat yah ahoker cari duit haramnya udah sampai tahap mana pencairannya ?zaman Ridwan Kamil jadi walikota juga udah sering blusukan kaya gini mah kalian aja kurang update ga cebong ka Kadrun sama-sama sampah sosmed dan sampah masyarakat menghasut dan adu domba doang ?? https://t.co/ak45pGspjM;Negative
"Ridwan Kamil jamin pengamanan vaksin yang sudah sampai ke Biofarma - https://t.co/Ej8adS9DXV

#INDONESIA";Negative
Ridwan Kamil Pastikan Jaga Ketat Paket Vaksin Covid-19 di Gudang Bio Farma https://t.co/tSED532Y3C https://t.co/8pBvYlCeYB;Negative
RT @IDNTimesJabar: Ridwan Kamil minta masyarakat patuhi keputusan hukum https://t.co/C8L4a7ZJnr;Negative
"@idtodayco Ngiri ya, karena bukan  Gubernurnu yg kepilih ...

https://t.co/NEzhqC6YJR";Negative
Ridwan Kamil minta masyarakat patuhi keputusan hukum https://t.co/C8L4a7ZJnr;Negative
Ridwan Kamil minta masyarakat patuhi keputusan hukum https://t.co/m6y4o1OsMJ;Negative
Ridwan Kamil harap warga Jabar mematuhi aturan yang telah ditetapkan pemerintah tersebut. #kumparanNEWS https://t.co/A0RASUpxiN;Negative
Paket berisi 1,8 juta dosis vaksin buatan Sinovac tiba di gudang Biofarma di KOta Bandung pada Kamis (31/12) Pukul 18.00 WIB. #RidwanKamil https://t.co/9LbwLVMRTk;Negative
@KingSloth27 that's why ridwan kamil said tahun baru itu untuk ? muhasabah ?;Negative
Ridwan Kamil Jamin Pengamanan Vaksin Corona di Bio Farma https://t.co/wLdbhUjpwy;Negative
"RT @CNNIndonesia: Saksikan Program Spesial ""Bersatu Melawan Covid-19"", Rabu (30/12) Pukul 19.30 WIB, bersama Ridwan Kamil, Anies Baswedan,…";Negative
RT @idtodayco: Anies Baswedan Gubernur Terpopuler dan Tervokal di 2020, Disusul Ridwan Kamil https://t.co/0JYPmyAOoE;Negative
Ridwan Kamil Imbau Warga Jabar Terafiliasi FPI Taati SKB Pemerintah https://t.co/TQds6IFJQG #berita #terbaru #video;Negative
Ridwan Kamil sebut Kapolda Jabar laporkan paket vaksin Sinovac sudah ada di Biofarma https://t.co/dCDP96r87v;Negative
Penuh Haru, Ridwan Kamil: Terima Kasih Warga Patuh Rayakan Tahun Baru di Rumah #LengkapCepatBeritanya #BeritaTerkini  . https://t.co/5n5BJ87aWT;Negative
"Ridwan Kamil Imbau Warga Jabar Terafiliasi FPI Taati SKB Pemerintah: ""Indonesia butuh kedamaian, butuh ketaatan, mari kita fokus pada penyelesaian pandemi Covid-19, kita kurangi hal-hal yang mengurangi konsentrasi kita. Karena hukum adalah panglima… https://t.co/XKG9CAYHn8";Negative
Ini Tanggapan Ridwan Kamil Soal Pembubaran FPI https://t.co/LXChXFpag9;Negative
Ridwan Kamil jamin pengamanan vaksin yang sudah sampai ke Biofarma https://t.co/6iq5aIaZmm;Negative
Walau kadang ada blunder, Pak Ridwan kamil ni tetap selalu berkelas caranya. https://t.co/TLCRLAiQeu;Negative
RT @kumparan: Gubernur Jawa Barat Ridwan Kamil memberikan apresiasi kepada warga Jawa Barat yang telah mentaati aturan. #kumparanNEWS https…;Negative
RT @jawapos: Ridwan Kamil Jamin Pengamanan Vaksin yang Sudah Sampai di Biofarma https://t.co/AAUY6P2o4b;Negative
Gubernur Jawa Barat Ridwan Kamil memberikan apresiasi kepada warga Jawa Barat yang telah mentaati aturan. #kumparanNEWS https://t.co/A7cablR35H;Negative
Ridwan Kamil Pastikan Jaga Ketat Paket Vaksin Covid-19 di Gudang Bio Farma: Vaksin yang dimaksud oleh Ridwan Kamil adalah 1,8 juta dosis vaksin Covid-19 tahap II buatan perusahaan farmasi asal Tiongkok, Sinovac. Semuanya disimpan dalam 11 kotak… https://t.co/cZSoK97XoN;Negative
Ridwan Kamil Jamin Pengamanan Vaksin yang Sudah Sampai di Biofarma https://t.co/AAUY6P2o4b;Negative
Ridwan Kamil: Laporan Kapolda Malam Tahun Baru di Jabar Sepi, Artinya Warga Patuh: Pergerakan dan aktivitas yang minim pun terjadi di wilayah pinggiran Kota Bandung. Hal tersebut berdasarkan pantauan CCTV dan laporan pihak kepolisian. Ini mengindikasikan… https://t.co/UDueDji5Z0;Negative
"Gubernur Jabar Ridwan Kamil angkat bicara terkait pemerintah membubarkan Front Pembela Islam (FPI).

#RidwanKamil #FPI #iNewsid #IniBaruBerita 

https://t.co/gqU2ZnPpVi";Negative
@calypsours nggak apa-apa daripada kamu ngetawain pak ridwan kamil kan nanti bisa didepak dari jawa barat.;Negative
"RT @PRFMnews: 21.30: Gubernur Jawa Barat Ridwan Kamil bersiap melakukan peninjauan malam tahun baru bersama Forkopimda.
.
Titik awal peninj…";Negative
"Bandung Sepi Jelang Tahun Baru, Ridwan Kamil Sebut Kepatuhan Warga Jabar Baik: ""Kami melakukan inspeksi di Ibu Kota Jawa Barat. Tim melakukan pengecekan di pinggiran. Terpantau secara visual minim, sepi bahkan jika dibandingkan hari normal,"" kata Ridwan… https://t.co/UxmObFMd0r";Negative
Hasil inspeksi di Kota Bandung di malam tahun baru ini dan laporan dari jajaran Polda Jabar di 27 Kota/Kabupaten lainnya, Gubernur Jawa Barat Ridwan Kamil mengatakan bahwa sampai saat ini pergerakan masyarakat minim dan lebih sepi dari hari-hari normal. (dns/ilm) https://t.co/kzerpQ8qrz;Negative
RT @okezonenews: Rayakan Tahun Baru, Ridwan Kamil Beri Kado Bahagia ke Pemulung Viral Bawa Bayi Sambil Naik Becak #LengkapCepatBeritanya #B…;Negative
Rayakan Tahun Baru, Ridwan Kamil Beri Kado Bahagia ke Pemulung Viral Bawa Bayi Sambil Naik Becak #LengkapCepatBeritanya #BeritaTerkini  . https://t.co/36bLPvh7Dh;Negative
RT @IDNTimesJabar: KNPI Award beri implikasi pada lesatan indeks pemuda Jabar https://t.co/bU4aPZIQnq;Negative
KNPI Award beri implikasi pada lesatan indeks pemuda Jabar https://t.co/bU4aPZIQnq;Negative
@ridwankamil ???? bngga saya punya gubernur seperti pak RIDWAN KAMIL beliau berbaur dengan orang tdk mampu .. Sehat selalu pak;Negative
"21.30: Gubernur Jawa Barat Ridwan Kamil bersiap melakukan peninjauan malam tahun baru bersama Forkopimda.
.
Titik awal peninjauan dari Polrestabes Bandung menuju jalan Asia Afrika menggunakan bus.
.
(Ilm) https://t.co/iBf6q5YCmf";Negative
KNPI nobatkan Ridwan Kamil Bapak Pembangunan Kepemudaan Jawa Barat - ANTARA News Jawa Barat https://t.co/zKIwu6nxrD;Negative
Gubernur Jawa Barat Ridwan Kamil Punya Jurus Kendalikan Covid-19 Saat Libur Akkhir Tahun https://t.co/5lg87BThMI;Negative
RT @kompascom: Anies Baswedan muncul sebagai top person dan top influencer dalam isu Covid-19, baik di media massa maupun media sosial http…;Negative
"'
Anies Baswedan Gubernur Terpopuler dan Tervokal di 2020... 
https://t.co/I9gJhOUYYc.";Negative
"Bgmn menurut lembaga survey abal-abal? 
Deal nya ga begitu, Anies posisinya hrs selalu dibawah dalam segala sisi. 

https://t.co/bPVmtSiXN3";Negative
"RT @AirinAirin_NZ: @aagym kemana ya..??
Kok cuma Ahok doang yg dikritik soal banjir..??
Anis & Ridwan Kamil kok gak dikritik..??
Jangan git…";Negative
"RT @NurazizaShima: ""Janganlah risau dengan nikmat-nikmat yang belum kita miliki, tetapi risaukanlah dengan nikmat yang belum kita syukuri.…";Negative
https://t.co/7gLSvnl7QA;Negative
@meijikuhibiniuu iyah nih dapet kabar dari bapak ridwan kamil barusan sad;Negative
Ridwan Kamil gubernur terpegah dan tervokal kedua setelah Anies Baswedan - ANTARA News Jawa Barat https://t.co/OKlpz9T11x;Negative
KNPI nobatkan Ridwan Kamil sebagai Bapak Pembangunan Kepemudaan Jabar https://t.co/iRhHK9Bo9n baca juga berita lainnya di https://t.co/GkwQxScnBB https://t.co/BiKuHumJDl;Negative
KNPI nobatkan Ridwan Kamil sebagai Bapak Pembangunan Kepemudaan Jabar https://t.co/6YYdH2VuA7;Negative
RT @republikaonline: Banyak petugas medis yang gugur melawan Covid-19, setiap orang harusnya berkontribusi https://t.co/rsE9ZRjBfx;Negative
Banyak petugas medis yang gugur melawan Covid-19, setiap orang harusnya berkontribusi https://t.co/rsE9ZRjBfx;Negative
RT @pikiran_rakyat: Ridwan Kamil Dinobatkan Jadi Bapak Pembangunan Kepemudaan Jabar dari KNPI Awards 2020 https://t.co/Adp7e8zGCY;Negative
Ridwan Kamil Dinobatkan Jadi Bapak Pembangunan Kepemudaan Jabar dari KNPI Awards 2020 https://t.co/Adp7e8zGCY;Negative
https://t.co/j2kmRhgLyQ;Negative
atau kayak Ridwan Kamil boleh juga ??;Negative
"Anies Baswedan Gubernur Terpopuler dan Tervokal di 2020, Disusul Ridwan Kamil

https://t.co/mqFneyiu48";Negative
https://t.co/0f879K0dBX;Negative
Ridwan Kamil dan juga DPRD Jabar Bahas Raperda Perkebunan https://t.co/E2HUMg7ops #berita #terbaru #video;Negative
"Pemkot Depok Percepat Pembangunan, Ridwan Kamil Manfaatkan Dana CSR
??
https://t.co/DPsnipJKi1

#jabarnews #beritalokal #beritahiperlokal #harianjabar #beritajabar #beritajawabarat #jawabarat #jabar #pemkotdepok #percepatpembangunan #ridwankamil #manfaatkandanacsr

@ridwankamil https://t.co/Jxp8wqyd3s";Negative
Anies Baswedan Gubernur Terpopuler dan Tervokal di 2020, Disusul Ridwan Kamil https://t.co/gZNhN6C17z;Negative
Diharapkan pembangunan pemuda terus meningkat dan menjadi yang terbaik di Indonesia https://t.co/Un2Ja5YzDw;Negative
Kalahkan Ridwan Kamil dan Ganjar, Anies Baswedan Gubernur Terpopuler dan Tervokal di 2020 https://t.co/v8qEejSWVz;Negative
Industri pertanian dan pangan ternyata mampu bertahan bahkan melesat selama pandemi  https://t.co/A0cx00bkCt;Negative
@narkosun Yg beginian nih kalo sampe 2024 presidennya anies atau ridwan kamil, bakalan tumbuh subur...;Negative
"#VIDEO Pemerintah resmi melarang segala aktivitas FPI pada Rabu (30/12). Usai pelarangan tersebut, kantor Gubernur Jawa Barat, Ridwan Kamil, hingga markas TNI-Polri di Jabar dihiasi karangan bunga. Begini penampakannya: 

via @20detik https://t.co/qyA8nLTFEc";Negative
"Tahun Baruan Ridwan Kamil Bersama DPRD Jabar Bahas Raperda Perkebunan
??
https://t.co/fikotIZ66z

#jabarnews #beritalokal #beritahiperlokal #jabartoday #beritajabar #beritajawabarat #jawabarat #tahunbaruan #ridwankamil #bersamadprdjabar #bahasraperda #perkebunan

@ridwankamil https://t.co/dMJBkNwYoy";Negative
Anies Baswedan Gubernur Terpopuler dan Tervokal di 2020, Disusul Ridwan Kamil https://t.co/0JYPmyAOoE;Negative
Masih aneh sama orang yang kalo banjir nyalahin jokowi,anies,ridwan kamil dan pejabat2 lain, ai pagawean miceun runtah ka walungan ??;Negative
https://t.co/UePAS6Xxu4;Negative
Ridwan Kamil Tanda Tangani Perjanjian Pinjaman Daerah 2021 https://t.co/vcAgUwKU0M;Negative
Ridwan Kamil Tanda Tangani Perjanjian Pinjaman Daerah 2021 https://t.co/a91VGsWPkS;Negative
Ridwan Kamil Bahas Raperda Penyelenggaraan Perkebunan di Penghujung 2020 https://t.co/xELpXBXSRa;Negative
Ridwan Kamil Bahas Raperda Penyelenggaraan Perkebunan di Penghujung 2020 https://t.co/4uEP1MZq6l;Negative
RT @jabarprovgoid: Ridwan Kamil Bahas Raperda Penyelenggaraan Perkebunan di Penghujung 2020 https://t.co/jAN0tRHOIq https://t.co/672NToaDv2;Negative
"RT @humasjabar: Ridwan Kamil Tanda Tangani Perjanjian Pinjaman Daerah 2021 dan Komitmen Bersama 22 Kepala Daerah se-Jabar

@ridwankamil @uu…";Negative
"Ridwan Kamil Tanda Tangani Perjanjian Pinjaman Daerah 2021 dan Komitmen Bersama 22 Kepala Daerah se-Jabar

@ridwankamil @uu_ruzhanul @SWangsaatmaja @ata_lia 

#JawaBarat #JabarJuara #SilihTulungan

https://t.co/NUTH29c5kh";Negative
"Atalia Ridwan Kamil Salurkan Bantuan kepada Warga Terdampak Banjir di Kota Bandung

@ridwankamil @uu_ruzhanul @SWangsaatmaja @ata_lia 

#JawaBarat #JabarJuara #SilihTulungan

https://t.co/dQ8VmsQhLu";Negative
Ridwan Kamil Bahas Raperda Penyelenggaraan Perkebunan di Penghujung 2020 https://t.co/jAN0tRHOIq https://t.co/672NToaDv2;Negative
#VIDEO Pemerintah resmi melarang segala aktivitas FPI pada Rabu (30/12). Usai pelarangan tersebut, kantor Gubernur Jawa Barat, Ridwan Kamil, hingga markas TNI-Polri di Jabar dihiasi karangan bunga. Begini penampakannya: https://t.co/U0qokMOzg1;Negative
Ridwan Kamil Tanda Tangani Perjanjian Pinjaman Daerah 2021  https://t.co/doRjaqBfOk https://t.co/Mb8tLl3cw6;Negative
"Kamis (31/12/2020) pagi, karangan bunga yang berasal dari kelompok masyarakat itu menghiasi kantor Gubernur Jabar Ridwan Kamil. Sejumlah karangan bunga itu, disimpan di bagian depan, sebelah kiri Gedung Sate yang berada di Jalan Diponegoro, Kota Bandung.
https://t.co/FKx5RpOzby https://t.co/BeAonq4bOz";Negative
Gua sih pengennya di jabar dibikin smart city sekalian. Dah ada patimban dah ada kertajati. Ridwan kamil dan kolega harusnya bisa kalo bikin ginian mah. Supaya ga semuanya berkantor di scbd. Masa apa apa harus di Jkt klo bikin kantor pusat.;Negative
RT @merdekadotcom: Ridwan Kamil Mulai Gunakan Mobil Listrik untuk Kendaraan Dinas: Ridwan Kamil menerima langsung tiga unit mobil listrik d…;Negative
Atalia Ridwan Kamil Salurkan Bantuan kepada Warga Terdampak Banjir di Kota Bandung https://t.co/r88VoyNF8l;Negative
@jowoshitpost Di transfer nang pak ridwan kamil wingi ??????;Negative
Ridwan Kamil Tanda Tangani Perjanjian Pinjaman Daerah 2021 https://t.co/g8bYtM0ksY;Negative
"RT @vanodyaaa: A cOmPleTely NoRmaL LiFe?????? 
Dia udh dipenjara, dia udh bayar denda ratusan juta krn kasusnya, dia pernah ditolak manggun…";Negative
"Ridwan Kamil Raih Penghargaan Pakaian Terbaik Selama Rapat Paripurna
??
https://t.co/yOcppjrVBr

#jabarnews #beritalokal #beritahiperlokal #harianjabar #beritajabar #beritajawabarat #jawabarat #jabar #ridwankamil #raihpenghargaan #pakaianterbaik #selamarapatparipurna
@ridwankamil https://t.co/Wuc7O3XFlN";Negative
Anies Baswedan Posisi Pertama Gubernur Terpopuler dan Tervokal 2020 Disusul Ridwan Kamil dan Khofifah https://t.co/hObeSU3PZY;Negative
Anies Baswedan muncul sebagai top person dan top influencer dalam isu Covid-19, baik di media massa maupun media sosial https://t.co/eX5LDxmOE0;Negative
Atalia Ridwan Kamil Salurkan Bantuan Warga Terdampak Banjir Citepus https://t.co/1sHem6GeiG;Negative
@SINDOnews Vs anies -AHY atau anies ridwan kamil...;Negative
Pendanaan ini tercipta atas komitmen bersama antara Gubernur Jawa Barat Ridwan Kamil dengan Bupati/Walikota se Jawa Barat.;Negative
"Pilpres 2024 bisa jadi 2 kubu lagi! 
1. Ganjar Pranowo: 15,7%
2. Prabowo Subianto: 14,9%
3. Anies Baswedan: 11,0%
4. Sandiaga Uno: 7,9%
5. Ridwan Kamil: 7,1%

https://t.co/P8RS6cpHG4";Negative
RT @kompascom: Syekh Ali Jaber mengumumkan kondisinya lewat akun Facebook pribadinya. Dalam videonya, ia tengah terbaring dengan bantuan al…;Negative
Gubernur Jabar Ridwan Kamil mengatakan dari total pinjaman tersebut, sebesar Rp 800 miliar dipinjamkan ke kota/kabupaten sebagai upaya menggerakkan perekonomian di tengah pandemi Covid-19.;Negative
Hal tersebut dicanangkan pada kegiatan Video Conference bersama Gubernur Jawa Barat, Ridwan Kamil di Gedung Diskominfosantik Kabupaten Bekasi, Cikarang Pusat, Rabu (30/12/2020).;Negative
@eko_kuntadhi @AT_AbdillahToha Fadli zoo tidak terima FPI dibubarkan....salahkanlah Ridwan Kamil,yang menuntut kesalahan bapak Mahfud MD.....hehehehe;Negative
@TofaTofa_id Klo bidang dalam pencitraan bu risma dan pak ganjar emang jago bos pak ridwan kamil aja kalah;Negative
Syekh Ali Jaber dan Aa Gym Covid-19, Ridwan Kamil: Doa Terbaik Saya untuk Kesembuhan Guru-guru Kita https://t.co/5dP5FrRlxg;Negative
Syekh Ali Jaber dan Aa Gym Covid-19, Ridwan Kamil: Doa Terbaik Saya untuk Kesembuhan Guru-guru Kita https://t.co/RhFiYvqVsd;Negative
"Enak banget mau pcr cuma butuh ktp

Tau gitu ngapain ridwan kamil bikin taman jomblo https://t.co/d56tC4fRZe";Negative
"Ridwan Kamil Tanda Tangani Perjanjian Pinjaman Daerah 2021 dan Komitmen Bersama 22 Kepala Daerah se-Jabar

https://t.co/iZGjMcT2nY";Negative
"Ridwan Kamil Tanda Tangani Perjanjian Pinjaman Daerah 2021 dan Komitmen Bersama 22 Kepala Daerah se-Jabar

https://t.co/sRrFqOemmQ";Negative
"Ridwan Kamil Tanda Tangani Perjanjian Pinjaman Daerah 2021 dan Komitmen Bersama 22 Kepala Daerah se-Jabar

https://t.co/ZrgaEfg7DU";Negative
"Ridwan Kamil Tanda Tangani Perjanjian Pinjaman Daerah 2021 dan Komitmen Bersama 22 Kepala Daerah se-Jabar

https://t.co/NiYomkQbdn";Negative
"Ridwan Kamil Tanda Tangani Perjanjian Pinjaman Daerah 2021 dan Komitmen Bersama 22 Kepala Daerah se-Jabar

https://t.co/nEQjCpvAE4";Negative
"10 Tokoh Politik Paling Diperbincangkan di Tahun 2020

1. @jokowi
2. Anies
3. @ganjarpranowo
4. Rizal Ramli
5. Fadli Zon
6. Mahfud MD
7. Ridwan Kamil
8. Hidayat Nurwahid
9. Erick Tohir
10. Budiman Sudjatmiko

Jagoanmu yg mana? 

https://t.co/oWxZwrcOJS";Negative
"Saatnya menelisik rekam jejak para tokoh dalam berorganisasi ketika masih Mahasiswa, mereka lebih memilih organisasi / lembaga yang berazaskan Pancasila atau azas yang lainnya? 
1. Anies Baswedan
2. Ganjar Pranowo
3. Ridwan Kamil
4. Khofifah Indar P
5. Dan lain2
@ruhutsitompul";Negative
"RT @FestivalDiskon: Nah, biar makin banyak ilmu yuk kita nonton TALKSHOW """"Dari Warung Pangan Untuk Ketahanan Pangan"""" bersama Teten Masduk…";Negative
@PutraWadapi Pak ganjar,pak ridwan kamil;Negative
"Ridwan Kamil Tanda Tangani Perjanjian Pinjaman Daerah 2021 dan Komitmen Bersama 22 Kepala Daerah se-Jabar

https://t.co/oZtF1BycDp";Negative
RT @Antara_Jabar: Ini jurus Ridwan Kamil kendalikan COVID-19 saat libur akhir tahun - ANTARA News Jawa Barat https://t.co/pmCNu499vd;Negative
Ini jurus Ridwan Kamil kendalikan COVID-19 saat libur akhir tahun - ANTARA News Jawa Barat https://t.co/pmCNu499vd;Negative
Ridwan Kamil Doakan Kesembuhan Aa Gym, Syekh Ali Jaber dan Cinta Netizen https://t.co/hsuEoFq7TU #TempoSeleb;Negative
@txtdrbekasi Udah enak gubernurnya ridwan kamil malah ganti anies ogah gua;Negative
Libur Tahun Baru 2021, Ridwan Kamil Kendalikan Kerumunan, Keramaian, Pergerakan https://t.co/14G5ohKUVd #TempoTravel;Negative
"@txtdrpemerintah 1. PRAWAN (Prabowo-Puan)
2. Anies-Ridwan Kamil
3. Risma-Sandiaga
4. Ganjar-Ridwan Kamil";Negative
BANDUNG - Gubernur Jawa Barat (Jabar) Ridwan Kamil dinobatkan sebagai Bapak Pembangunan Kepemudaan Jabar di ajang KNPI Awards 2020 yang digelar secara https://t.co/eM5ZLyVWTy;Negative
Aa Gym dan Syekh Ali Jaber Positif Covid-19, Ridwan Kamil Beri Dukungan dan Doa https://t.co/8qAubtQNPf https://t.co/1tMVF6Cj9G;Negative
